;year;doi;authors;title;abstract;type;source;code_0;code_1;code_2
0;2019;10.48550/arXiv.1912.03556;Bartolucci, S., Caccioli, F., Vivo, P.;A percolation model for the emergence of the Bitcoin Lightning Network;"The Lightning Network is a so-called second-layer technology built on top of the Bitcoin blockchain to provide “off-chain"" fast payment channels between users, which means that not all transactions are settled and stored on the main blockchain. In this paper, we model the emergence of the Lightning Network as a (bond) percolation process and we explore how the distributional properties of the volume and size of transactions per user may impact its feasibility. The agents are all able to reciprocally transfer Bitcoins using the main blockchain and also – if economically convenient – to open a channel on the Lightning Network and transact “off chain"". We base our approach on fitness-dependent network models: as in real life, a Lightning channel is opened with a probability that depends on the “fitness"" of the concurring nodes, which in turn depends on wealth and volume of transactions. The emergence of a connected component is studied numerically and analytically as a function of the parameters, and the phase transition separating regions in the phase space where the Lightning Network is sustainable or not is elucidated. We characterize the phase diagram determining the minimal volume of transactions that would make the Lightning Network sustainable for a given level of fees or, alternatively, the maximal cost the Lightning ecosystem may impose for a given average volume of transactions. The model includes parameters that could be in principle estimated from publicly available data once the evolution of the Lighting Network will have reached a stationary operable state, and is fairly robust against different choices of the distributions of parameters and fitness kernels.";preprint;arxiv;Analysis;Topology;LN
1;2019;10.48550/arXiv.1902.07307;Martinazzi, S.;The evolution of Lightning Network’s Topology during its first year and the influence over its core values;It is now a whole year since Lightning Network (LN) has been launched on the Bitcoin’s mainnet. LN has been claimed as the solution for several of Bitcoin’s weaknesses such as its difficulty to scale in number of transactions per second and its expensiveness for relative small amount exchanged. LN is based upon a network of micro-channels opened and closed by issuing transactions on the Blockchain and capable to interact among themselves thanks to the Multi-hop framework. In this work I analysed the evolution of LN from its topological point of view and tried to understand how it impacts over some of Bitcoin’s historical core foundamentals such as the resilience against attacks and failures and the user’s anonymity. Another question I have tried to answer is whether the evolution of LN’s topology will make its synchronization easier.;preprint;arxiv;Analysis;Topology;LN
2;2019;10.48550/arXiv.1901.04972;Seres, I.A., Gulyás, L., Nagy, D.A., Burcsi, P.;Topological analysis of Bitcoin's lightning network;Bitcoin's Lightning Network (LN) is a scalability solution for Bitcoin allowing transactions to be issued with negligible fees and settled instantly at scale. In order to use LN, funds need to be locked in payment channels on the Bitcoin blockchain (Layer-1) for subsequent use in LN (Layer-2). LN is comprised of many payment channels forming a payment channel network. LN's promise is that relatively few payment channels already enable anyone to efficiently, securely and privately route payments across the whole network. In this paper, we quantify the structural properties of LN and argue that LN's current topological properties can be ameliorated in order to improve the security of LN, enabling it to reach its true potential.;preprint;arxiv;Analysis;Topology;LN
3;2020;10.1109/ISCISC51277.2020.9261916;"Ajorlou A.; Abbasfar A.";An Optimized Structure of State Channel Network to Improve Scalability of Blockchain Algorithms;Nowadays, blockchain is very common and widely used in various fields. The properties of blockchain-based algorithms such as being decentralized and uncontrolled by institutions and governments, are the main reasons that has attracted many applications. The security and the scalability limitations are the main challenges for the development of these systems. Using second layer network is one of the various methods proposed to improve the scalability of these systems. This network can increase the total number of transactions per second by creating extra channels between the nodes that operate in a different layer not obligated to be on consensus ledger. In this paper, the optimal structure for the second layer network has been presented. In the proposed structure we try to distribute the parameters of the second layer network as symmetrically as possible. To prove the optimality of this structure we first introduce the maximum scalability bound, and then calculate it for the proposed structure. This paper will show how the second layer method can improve the scalability without any information about the rate of transactions between nodes. © 2020 IEEE.;conference paper;scopus;Analysis;Topology;Other
4;2020;10.1007/978-3-030-51280-4_15;"Avarikioti Z.; Heimbach L.; Wang Y.; Wattenhofer R.";Ride the Lightning: The Game Theory of Payment Channels;Payment channels were introduced to solve various eminent cryptocurrency scalability issues. Multiple payment channels build a network on top of a blockchain, the so-called layer 2. In this work, we analyze payment networks through the lens of network creation games. We identify betweenness and closeness centrality as central concepts regarding payment networks. We study the topologies that emerge when players act selfishly and determine the parameter space in which they constitute a Nash equilibrium. Moreover, we determine the social optima depending on the correlation of betweenness and closeness centrality. When possible, we bound the price of anarchy. We also briefly discuss the price of stability. © 2020, International Financial Cryptography Association.;conference paper;scopus;Analysis;Topology;Other
5;2020;10.2139/ssrn.3540581;Bertucci, L.;Incentives on the Lightning Network : A Blockchain-Based Payment Network;The Lightning Network is a decentralized payment network built on top of a block-chain, in which intermediary nodes provide a trust-less routing service for end users. We provide an overview of the current state of the network and show that it can be well approximated by a scale free generative model with a fitness parameter, which suggests that nodes behave strategically on the network. Those strategic interactions between nodes can be described by a Bertrand competition model with capacity constraints. We show that there is a unique equilibrium in which a centralized network is never optimal, and the routing fee is strictly greater than the marginal cost. When nodes are heterogeneous in their opportunity cost of capital only, the equilibrium network structure can match the current state of the network.;preprint;ssrn;Analysis;Topology;LN
6;2020;10.48550/arXiv.2002.02819;Lin, J.-H., Primicerio, K., Squartini, T., Decker, C., Tessone, C.J.;Lightning network: A second path towards centralisation of the Bitcoin economy;"The Bitcoin Lightning Network (BLN), a so-called “second layer” payment protocol, was launched in 2018 to scale up the number of transactions between Bitcoin owners. In this paper, we analyse the structure of the BLN over a period of 18 months, ranging from 14th January 2018 to 13th July 2019, at the end of which the network has reached 8.216 users, 122.517 active channels and 2.732,5 transacted bitcoins. Here, we consider three representations of the BLN: the daily snapshot one, the weekly snapshot one and the daily-block snapshot one. By studying the topological properties of the binary and weighted versions of the three representations above, we find that the total volume of transacted bitcoins approximately grows as the square of the network size; however, despite the huge activity characterising the BLN, the bitcoins distribution is very unequal: the average Gini coefficient of the node strengths (computed across the entire history of the Bitcoin Lightning Network) is, in fact, ' 0.88 causing the 10% (50%) of the nodes to hold the 80% (99%) of the bitcoins at stake in the BLN (on average, across the entire period). This concentration brings up the question of which minimalist network model allows us to explain the network topological structure. Like for other economic systems, we hypothesise that local properties of nodes, like the degree, ultimately determine part of its characteristics. Therefore, we have tested the goodness of the Undirected Binary Configuration Model (UBCM) in reproducing the structural features of the BLN: the UBCM recovers the disassortative and the hierarchical character of the BLN but underestimates the centrality of nodes; this suggests that the BLN is becoming an increasingly centralised network, more and more compatible with a core-periphery structure. Further inspection of the resilience of the BLN shows that removing hubs leads to the collapse of the network into many components, an evidence suggesting that this network may be a target for the so-called split attacks.";preprint;arxiv;Analysis;Topology;LN
7;2021;10.1109/CloudNet53349.2021.9657121;"Casas P.; Romiti M.; Holzer P.; Mariem S.B.; Donnet B.; Haslhofer B.";Where is the Light(ning) in the Taproot Dawn? Unveiling the Bitcoin Lightning (IP) Network;Proposed in 2016 and launched in 2018, the Bitcoin (BTC) Lightning Network (LN) can scale-up the capacity of the BTC blockchain network to process a significantly higher amount of transactions, in a faster, cheaper, and more privacy preserving manner. The number of LN nodes has been significantly increasing since 2018, and today there are more than twelve thousand nodes actively participating of so-called LN payment channels. The upcoming Taproot upgrade to the Bitcoin protocol would further boost the development and adoption of the LN. Taproot is the most significant upgrade to the Bitcoin network since the block size increase of 2017, and it will make LN transactions cheaper, more flexible, and more private. We focus on the characterization of the LN network topology, using network active measurements. By crawling the underlying P2P network supporting the Bitcoin LN over a span of 10-months, we unveil the LN in terms of size and location of its nodes as well as connectivity protocols, comparing it to the P2P IP network supporting the BTC blockchain. Among our findings, we show that IP addresses exposed by LN nodes correspond mainly to customer networks, even if most BTC nodes are actually deployed at major cloud providers, and that LN nodes significantly rely on anonymized networks and protocols such as Onion, with more than 40% of LN nodes connect through Tor.  © 2021 IEEE.;conference paper;scopus;Analysis;Topology;LN
8;2017;10.1007/978-3-319-69084-1_26;"Burchert C.; Decker C.; Wattenhofer R.";Scalable Funding of Bitcoin Micropayment Channel Networks;The Bitcoin network has scalability problems. To increase its transaction rate and speed, micropayment channel networks have been proposed, however these require to lock funds into specific channels. Moreover, the available space in the blockchain does not allow scaling to a world wide payment system. We propose a new layer that sits in between the blockchain and the payment channels. The new layer addresses the scalability problem by enabling trust-less off-blockchain channel funding. It consists of shared accounts of groups of nodes that flexibly create one-to-one channels for the payment network. The new system allows rapid changes of the allocation of funds to channels and reduces the cost of opening new channels. Instead of one blockchain transaction per channel, each user only needs one transaction to enter a group of nodes – within the group the user can create arbitrary many channels. For a group of 20 users with 100 intra-group channels, the cost of the blockchain transactions is reduced by 90% compared to 100 regular micropayment channels opened on the blockchain. This can be increased further to 96% if Bitcoin introduces Schnorr signatures with signature aggregation. © Springer International Publishing AG 2017.;conference paper;scopus;New Protocol;Performance;LN
9;2021;10.48550/arXiv.2111.13494;Lin, J.-H., Marchese, E., Tessone, C.J., Squartini, T.;The Weighted Bitcoin Lightning Network;"The Bitcoin Lightning Network (BLN) was launched in 2018 to scale up the number of transactions between Bitcoin owners. Although several contributions concerning the analysis of the BLN binary structure have recently appeared in the literature, the properties of its weighted counterpart are still largely unknown. The present contribution aims at filling this gap, by considering the Bitcoin Lightning Network over a period of 18 months, ranging from 12th January 2018 to 17th July 2019, and focusing on its weighted, undirected, daily snapshot representation - each weight representing the total capacity of the channels the two involved nodes have established on a given temporal snapshot. As the study of the BLN weighted structural properties reveals, it is becoming increasingly ‘centralised’ at different levels, just as its binary counterpart: 1) the Nakamoto coefficient shows that the percentage of nodes whose degrees/strengths ‘enclose’ the 51% of the total number of links/total weight is rapidly decreasing; 2) the Gini coefficient confirms that several weighted centrality measures are becoming increasingly unevenly distributed; 3) the weighted BLN topology is becoming increasingly compatible with a core-periphery structure, with the largest nodes ‘by strength’ constituting the core of such a network, whose size keeps shrinking as the BLN evolves. Further inspection of the resilience of the weighted BLN shows that removing such hubs leads to the network fragmentation into many components, an evidence indicating potential security threats - as the ones represented by the so called ‘split attacks’.";preprint;arxiv;Analysis;Topology;LN
10;2021;10.1109/COMPSAC51774.2021.00053;"Lisi A.; Di Francesco Maesa D.; Mori P.; Ricci L.";Lightnings over rose bouquets: An analysis of the topology of the Bitcoin Lightning Network;The Lightning Network is a P2P overlay that allows two Bitcoin users to create a new payment channel with a transaction, and later exchange cryptocurrency on that channel independently from the Bitcoin blockchain, improving Bitcoin’s scalability issues and making it more suitable for frequent micro-payments. Moreover, the channels can also be used to route payments between two users who do not share a direct channel themselves. In this paper we study the topology of the Lightning Network in a given time period, performing a number of analysis on the channels and on the nodes composing the network. We study the churn rate, we evaluate centrality measurements and the clustering coefficient to evaluate the network connectivity, and finally we analyze the presence of a pattern that we named “bouquet”. The importance of this pattern is proven by the finding that, removing specific nodes of the “bouquets” (1% of the total) causes the disconnection from the largest component of about 41% nodes. © 2021 IEEE.;conference paper;scopus;Analysis;Topology;LN
11;2022;10.3390/cryptography6020029;"Azzolini D.; Riguzzi F.";Probabilistic Logic Models for the Lightning Network;The Lightning Network (LN) has emerged as one of the prominent solutions to overcome the biggest limit of blockchain based on PoW: scalability. LN allows for creating a layer on top of an existing blockchain where users can send payments and micro-payments without waiting long confirmation times. One of the key features of LN is that payments can also be sent towards nodes that are not directly connected. From the routing perspective, the balance of an edge that connects two nodes is known, but the distribution between the two involved ends is unknown. Thus, the process of sending payments is based on a trial and error approach, and the routing can be considered probabilistic. Probabilistic Logic Programming (PLP) is a powerful formalism that allows the representation of complex relational domains characterized by uncertainty. In this paper, we study the problem of reasoning about the existence of a path between two nodes that can route a payment of a given size leveraging multiple models based on PLP. We adopt some recently proposed extensions of PLP and develop several models that can be adapted to represent multiple scenarios. © 2022 by the authors. Licensee MDPI, Basel, Switzerland.;article;scopus;Analysis;Topology;LN
12;2022;10.1007/978-3-031-04216-4_28;"Azzolini D.; Riguzzi F.; Bellodi E.; Lamma E.";A Probabilistic Logic Model of Lightning Network;One of the main limitations of blockchain systems based on Proof of Work is scalability, making them unsuitable for e-commerce and small payments. Currently, one of the principal directions to overcome the scalability issue is to use the so-called “layer two” solutions, like Lightning Network, where users can open channels and send payments through them. In this paper, we propose a Probabilistic Logic model of Lightning Network, and we show how it can be adopted to compute several properties of it. We conduct some experiments to prove the applicability of the model, rather than providing a comprehensive analysis of the network. © 2022, Springer Nature Switzerland AG.;conference paper;scopus;Analysis;Topology;LN
13;2022;10.1109/LATINCOM56090.2022.10000445;"Camilo G.F.; Rebello G.A.F.; De Souza L.A.C.; Potop-Butucaru M.; Amorim M.D.; Campista M.E.M.; Costa L.H.M.K.";Topological Evolution Analysis of Payment Channels in the Lightning Network;Payment channel networks (PCN) offer a fast, secure, and distributed alternative payment method while avoiding slow consensus mechanisms of blockchains. Nonetheless, the PCN topology directly influences the performance, cost, and payment success rate. This paper 1 analyzes the evolution of the Lightning Network topology, which is currently the leading payment channel network. We reconstruct the network graph using real data from a set of channel announcement messages collected between January 2020 and August 2021. Our analysis uses typical graph metrics, such as transitivity, diameter, and degree centrality, to evaluate the state and evolution of the network. The results show a strong trend in resource and connectivity centralization. Only 0.38% of nodes concentrate 50% of the network capacity, exposing a vulnerability to targeted attacks. As with the Bitcoin cryptocurrency, the centralization of the Lightning PCN directly contrasts with the original goal of a fully-decentralized network. Moreover, the low network transitivity compromises channel rebalancing techniques, which contribute to the stability of the system. This trend evidences the need for new attachment policies prioritizing greater network decentralization and robustness.  © 2022 IEEE.;conference paper;scopus;Analysis;Topology;LN
14;2017;10.48550/arXiv.1702.05812;Miller, A., Bentov, I., Kumaresan, R., Cordi, C., McCorry, P.;Sprites and state channels: Payment networks that go faster than lightning;Bitcoin, Ethereum and other blockchain-based cryptocurrencies, as deployed today, cannot scale for wide-spread use. A leading approach for cryptocurrency scaling is a smart contract mechanism called a payment channel which enables two mutually distrustful parties to transact efficiently (and only requires a single transaction in the blockchain to set-up). Payment channels can be linked together to form a payment network, such that payments between any two parties can (usually) be routed through the network along a path that connects them. Crucially, both parties can transact without trusting hops along the route. In this paper, we propose a novel variant of payment channels, called Sprites, that reduces the worst-case “collateral cost” that each hop along the route may incur. The benefits of Sprites are two-fold. 1) In Lightning Network, a payment across a path of ` channels requires locking up collateral for Θ(`∆) time, where ∆ is the time to commit an on-chain transaction. Sprites reduces this cost to Θ(` + ∆). 2) Unlike prior work, Sprites supports partial withdrawals and deposits, during which the channel can continue to operate without interruption. In evaluating Sprites we make several additional contributions. First, our simulation-based security model is the first formalism to model timing guarantees in payment channels. Our construction is also modular, making use of a generic abstraction from folklore, called the “state channel,” which we are the first to formalize. We also provide a simulation framework for payment network protocols, which we use to confirm that the Sprites construction mitigates against throughput-reducing attacks.;preprint;arxiv;New Protocol;Performance;LN
15;2022;10.1109/ACCESS.2022.3174549;"Oleas-Chavez L.E.; Perez-Sola C.; Herrera-Joancomarti J.";Apples and Oranges: On How to Measure Node Centrality in Payment Channel Networks;The Bitcoin Lightning Network (LN) disrupts the scenario as a fast and scalable method to make payment transactions off-chain, alongside the Bitcoin network, thereby reducing the on-chain burden. Understanding the topology of the LN is crucial, not only because it is key to performance, but also for ensuring its security and privacy guarantees. The topology of the LN affects, among others, the ability to successfully route payments between nodes, its resilience (against both attacks and random failures), and the privacy of payments. Existing research on LN topology focuses on studying the degree, betweenness, and closeness as metrics that better describe the centrality of nodes. However, to the best of our knowledge, previous studies do not encompass the network as a whole because of the limitation of using only the capacity of channels as its principal property. The contributions of this study are two-fold. On the one hand, this paper discusses the application of classic centrality metrics for evaluating the centrality in the LN. On the other hand, we provide alternative metrics to evaluate centrality. Our approach extends the analysis by adding metrics (strength, Opsahl, current-flow betweenness) and network properties (capacity, fee, balance, channel, and pending Hashed Timelock Contracts (HTLCs)). Based on the results obtained using these metrics, we provide an in-depth analysis of the metric that best defines the centrality of this network.  © 2013 IEEE.;article;scopus;Analysis;Topology;LN
16;2022;10.1016/j.pmcj.2022.101584;"Zabka P.; Foerster K.-T.; Schmid S.; Decker C.";Empirical evaluation of nodes and channels of the lightning network;Off-chain networks provide an attractive solution to the scalability challenges faced by cryptocurrencies such as Bitcoin. While first interesting networks are emerging, we currently have relatively limited insights into the structure and distribution of these networks. Such knowledge, however, is useful, when reasoning about possible performance improvements or the security of the network. For example, information about the different node types and implementations in the network can help when planning the distribution of critical software updates. This paper reports on a large measurement study of Lightning, a leading off-chain network, considering recorded network messages over a period of more than two years. In particular, we present an approach to classify the node types (LND, C-Lightning and Eclair) in the network, and find that we can determine the implementation of 99.9% of nodes correctly in our data set. We then report on geographical aspects of the Lightning Network, showing that proximity is less relevant, and that the Lightning Network is particularly predominant in metropolitan areas. Furthermore, we address various aspects of channels in the Lightning Network combined with the data we classified. We also demonstrate that channel endpoints behave very fairly and rarely cheat, that the same channel endpoints tend not to reconnect after the channel connection has closed and that there are more inactive than active channels in the Lightning Network. As a contribution to the research community, we will release our experimental data together with this paper. © 2022 The Author(s);article;scopus;Analysis;Topology;LN
17;2023;10.3390/jtaer18030068;"Dasaklis T.K.; Malamas V.";A Review of the Lightning Network’s Evolution: Unraveling Its Present State and the Emergence of Disruptive Digital Business Models;The Lightning Network (LN), a second-layer protocol built on top of the Bitcoin blockchain, is an innovative digital payment solution that offers increased convenience, speed, and cost-effectiveness to consumers and businesses alike. However, there is limited literature available on the characteristics of this nascent technology, the depth and breadth of the various business LN-related applications as well as relevant adoption/implementation challenges. This study aims to contribute to the understanding of the LN’s characteristics, its potential in enhancing business operations and its applicability across different sectors, while taking into account adoption and implementation challenges. We apply a narrative review methodology using a semi-systematic approach to examine new and emerging business models empowered by the LN and its characteristics, topology, performance, privacy and security. We analyze the data to identify key themes and trends in the literature, offering a critical analysis of the strengths and weaknesses of the existing literature. Based on the findings, we provide several clusters of fruitful areas for future research directions. This study not only provides crucial insights for businesses contemplating the adoption of LN to improve their operations and customer experience, but it also represents a substantial academic contribution, offering valuable knowledge and fostering further research in the fields of blockchain technology, FinTech and cryptocurrencies. © 2023 by the authors.;article;scopus;Analysis;Topology;LN
18;2023;10.1016/j.bcra.2022.100109;"Howell A.; Saber T.; Bendechache M.";Measuring node decentralisation in blockchain peer to peer networks;New blockchain platforms are launching at a high cadence, each fighting for attention, adoption, and infrastructure resources. Several studies have measured the peer-to-peer (P2P) network decentralisation of Bitcoin and Ethereum (i.e., two of the largest used platforms). However, with the increasing demand for blockchain infrastructure, it is important to study node decentralisation across multiple blockchain networks, especially those containing a small number of nodes. In this paper, we propose NodeMaps, a data processing framework to capture, analyse, and visualise data from several popular P2P blockchain platforms, such as Cosmos, Stellar, Bitcoin, and Lightning Network. We compare and contrast the geographic distribution, the hosting provider diversity, and the software client variance in each of these platforms. Through our comparative analysis of node data, we found that Bitcoin and its Lightning Network Layer 2 protocol are widely decentralised P2P blockchain platforms, with the largest geographical reach and a high proportion of nodes operating on The Onion Router (TOR) privacy-focused network. Cosmos and Stellar blockchains have reduced node participation, with nodes predominantly operating in large cloud providers or well-known data centres. © 2022 The Authors;article;scopus;Analysis;Topology;LN
19;2023;10.1109/MetaCom57706.2023.00057;"Liu B.; Tao B.; Dai H.-N.";Complex Network Analysis on Blockchain Payment Channel Networks for Metaverse;In the emerging metaverse ecosystem, blockchain is an enabling technology to ensure trustworthy transactions among metaverse virtual/real entities. However, existing blockchains suffer from their performance limitation. Payment channel networks have been emerging as a solution to dispel the performance curse of blockchains by executing transactions via a privacy channel maintained between entities. In this paper, we conduct complex network analysis on blockchain payment channel networks (PCNs). We consider two typical PCNs: the Ripple and Lightning networks as representatives. We analyze the Ripple and Lightning network from the perspectives of degree distribution, word-cloud analysis, small-world phenomenon, connected components, betweenness and closeness, and the rich-club phenomenon. We obtain some important implications through the complex network analysis, such as the scale-free phenomenon the small-world phenomenon, and the non-rich-club effect of the two typical PCNs. Such findings will contribute to future in-depth analysis of the structural characteristics of blockchain PCNs and provide guidelines for designing efficient scheduling schemes for PCNs to support diverse metaverse applications. © 2023 IEEE.;conference paper;scopus;Analysis;Topology;LN
20;2018;10.48550/arXiv.1807.00151;Grunspan, C., Pérez-Marco, R.;Ant routing algorithm for the lightning network;We propose a decentralized routing algorithm that can be implemented in Bitcoin Lightning Network. All nodes in the network contribute equally to path searching. The algorithm is inspired from ant path searching algorithms.;preprint;arxiv;New Protocol;Performance;LN
21;2024;;"Atmanavičiute L.; Vanagas T.; Grigaras J.; Masteika S.";Data processing method for Gini coefficient application in assessing the centralization within the BTC lightning network;The Bitcoin Lightning Network (BLN) is a second layer blockchain solution, which emerged to address scalability issues. However, potential centralization concerns have surfaced as current distribution might indicate a trend toward centralization. The Gini coefficient, a measure of inequality, can be applied to BLN to assess its centralization by analyzing the distribution of channel capacity among nodes. This research proposes a data processing method specifically designed to utilize the Gini coefficient for evaluating centralization within the BLN. Main challenge in applying the Gini coefficient to assess BLN centralization is limitations of existing research. The lack of description on how to process data makes it difficult to replicate these studies and verify the conclusions made by other researchers. The proposed data processing method addresses the challenges associated with collecting data from both Bitcoin blockchain and Lightning Network, including data linking, storage, and variable selection. Results of the experimental research of the proposed method show that Gini coefficient increased from 0.829 to 0.930. The results are confirmed by existing research and can be used for future research to explore the BLN centralization. © 2024 CEUR-WS. All rights reserved.;conference paper;scopus;Analysis;Topology;LN
22;2024;10.1007/978-3-031-68208-7_9;"Espinasa-Vilarrasa P.; Sanvicente S.; Pérez-Solà C.; Herrera-Joancomartí J.";Decision Tree Based Inference of Lightning Network Client Implementations;The Lightning Network (LN) is a second layer payment protocol on top of Bitcoin. It creates a peer-to-peer (P2P) network of payment channels that enable instant payments. The LN can be accessed through different implementations or clients, the most popular being Lightning Network Daemon (LND), Core Lightning Network (CLN), and Eclair. The first step in many known attacks to the LN is to infer the software client the node is running. This paper presents two classification models based on decision trees to infer the implementation of LN clients from either the traffic of the gossip protocol or the announced BOLT #9 features, offering a cost-free means of identification. The accuracy presented by both models in our experiments is high, ranging from 87% to 100% depending on the model and the environment where it is deployed. The application of our inference models on the LN shows a prevalence of LND clients. © The Author(s), under exclusive license to Springer Nature Switzerland AG 2024.;conference paper;scopus;Analysis;Topology;LN
23;2024;10.48550/arXiv.2407.07916;Feichtinger, R., Grötschla, F., Heimbach, L., Wattenhofer, R.;Benchmarking GNNs Using Lightning Network Data;The Bitcoin Lightning Network is a layer 2 protocol designed to facilitate fast and inexpensive Bitcoin transactions. It operates by establishing channels between users, where Bitcoin is locked and transactions are conducted off-chain until the channels are closed, with only the initial and final transactions recorded on the blockchain. Routing transactions through intermediary nodes is crucial for users without direct channels, allowing these routing nodes to collect fees for their services. Nodes announce their channels to the network, forming a graph with channels as edges. In this paper, we analyze the graph structure of the Lightning Network and investigate the statistical relationships between node properties using machine learning, particularly Graph Neural Networks (GNNs). We formulate a series of tasks to explore these relationships and provide benchmarks for GNN architectures, demonstrating how topological and neighbor information enhances performance. Our evaluation of several models reveals the effectiveness of GNNs in these tasks and highlights the insights gained from their application.;preprint;arxiv;Analysis;Topology;LN
24;2024;10.48550/arXiv.2409.15930;Grötschla, F., Heimbach, L., Richner, S., Wattenhofer, R.;On the Lifecycle of a Lightning Network Payment Channel;The Bitcoin Lightning Network, launched in 2018, serves as a layer 2 scaling solution for Bitcoin. The Lightning Network allows users to establish channels between each other and subsequently exchange off-chain payments. Together, these channels form a network that facilitates payments between parties even if they do not have a channel in common. The Lightning Network has gained popularity over the past five years as it offers an attractive alternative to on-chain transactions by substantially reducing transaction costs and processing times. Nevertheless, due to the privacy-centric design of the Lightning Network, little is understood about its inner workings. In this work, we conduct a measurement study of the Lightning Network to shed light on the lifecycle of channels. By combining Lightning gossip messages with on-chain Bitcoin data, we investigate the lifecycle of a channel from its opening through its lifetime to its closing. In particular, our analysis offers unique insights into the utilization patterns of the Lightning Network. Even more so, through decoding the channel closing transactions, we obtain the first dataset of Lightning Network payments, observe the imbalance of channels during the closing, and investigate whether both parties are involved in the closing, or one closes the channel unilaterally. For instance, we find nearly 60% of cooperatively closed channels are resurrected, i.e., their outputs were used to fund another channel.;preprint;arxiv;Analysis;Topology;LN
25;2024;10.1109/TNET.2024.3445274;"Khamis J.; Kotzer A.; Rottenstreich O.";Topologies for Blockchain Payment Channel Networks: Models and Constructions;Payment channel networks (PCNs), also known as off-chain networks, implement a common approach to deal with the scalability problem of blockchain networks. They enable users to execute payments without committing them to the blockchain by relying on predefined payment channels. A pair of users can employ a payment even without a direct channel between them, by routing the payment via payment channels involving other intermediate users. Users, together with the channels, form a graph known as the off-chain network topology. The off-chain topology and the payment characteristics affect network performance such as the average number of intermediate users a payment is routed through or the values of transaction fees. In this paper, we study two basic problems in payment channel network design. First, efficiently mapping users to an off-chain topology with a known structure. Second, constructing a topology with a bounded number of channels that can serve users well with associated payments. We design algorithms for both problems while considering several fundamental topologies. We study topology-related real data statistics of Raiden, the off-chain extension for Ethereum as well as of Lightning, the equivalent off-chain layer of Bitcoin. We conduct experiments to demonstrate the effectiveness of the algorithms for these networks. © 1993-2012 IEEE.;article;scopus;Analysis;Topology;LN
26;2024;10.1016/j.telpol.2023.102696;"Zabka P.; Förster K.-T.; Decker C.; Schmid S.";A centrality analysis of the Lightning Network;Blockchain technology has a huge impact on our digital society by enabling a more decentralized economy and policy making. This decentralization is also pivotal in payment Payment channel networks (PCNs), including the Lightning Network, have emerged as a promising solution to the scalability challenges that many blockchain-based cryptocurrencies, like Bitcoin, grapple with. These PCNs, while innovative, also inherit the rigorous dependability demands of the blockchain. A pivotal aspect of this dependability is the need for a high degree of decentralization, essential for mitigating liquidity bottlenecks and on-path attacks. Driven by this imperative, our research embarks on an empirical centrality analysis of the Lightning Network, with a keen focus on the betweenness centrality distribution of its routing system. Utilizing an extensive dataset, sourced from several millions of broadcasted messages via the gossip protocol, we introduce the TimeMachine tool, an innovative method that allows for a temporal exploration of the network's evolution. Our findings reveal that while the Lightning Network exhibits a commendable level of decentralization, there is a discernible skew: a limited set of nodes command a significant portion of the transactions. Alarmingly, over the past two years, the network's centrality has surged, with the inequality, as gauged by the Gini index, rising by over 15 uptick of approximately 5 in. This research not only uncovers critical insights into the Lightning Network's structural dynamics but also raises the question about strategies and policies that ensure its sustained decentralization in the face of evolving challenges such as security vulnerabilities, potential monopolistic tendencies, liquidity bottlenecks, the risk of transaction censorship and many more. © 2023 The Authors;article;scopus;Analysis;Topology;LN
27;2018;10.14722/ndss.2018.23252;"Roos S.; Moreno-Sanchez P.; Kate A.; Goldberg I.";Settling Payments Fast and Private: Efficient Decentralized Routing for Path-Based Transactions;Decentralized path-based transaction (PBT) networks maintain local payment channels between participants. Pairs of users leverage these channels to settle payments via a path of intermediaries without the need to record all transactions in a global blockchain. PBT networks such as Bitcoin’s Lightning Network and Ethereum’s Raiden Network are the most prominent examples of this emergent area of research. Both networks overcome scalability issues of widely used cryptocurrencies by replacing expensive and slow on-chain blockchain operations with inexpensive and fast off-chain transfers. At the core of a decentralized PBT network is a routing algorithm that discovers transaction paths between sender and receiver. In recent years, a number of routing algorithms have been proposed, including landmark routing, utilized in the decentralized IOU credit network SilentWhispers, and Flare, a link state algorithm for the Lightning Network. However, the existing efforts lack either efficiency or privacy, as well as the comprehensive analysis that is indispensable to ensure the success of PBT networks in practice. In this work, we first identify several efficiency concerns in existing routing algorithms for decentralized PBT networks. Armed with this knowledge, we design and evaluate SpeedyMurmurs, a novel routing algorithm for decentralized PBT networks using efficient and flexible embedding-based path discovery and on-demand efficient stabilization to handle the dynamics of a PBT network. Our simulation study, based on real-world data from the currently deployed Ripple credit network, indicates that SpeedyMurmurs reduces the overhead of stabilization by up to two orders of magnitude and the overhead of routing a transaction by more than a factor of two. Furthermore, using SpeedyMurmurs maintains at least the same success ratio as decentralized landmark routing, while providing lower delays. Finally, SpeedyMurmurs achieves key privacy goals for routing in decentralized PBT networks. © 2018 25th Annual Network and Distributed System Security Symposium, NDSS 2018. All Rights Reserved.;conference paper;scopus;New Protocol;Performance;Other
28;2015;10.1145/2810103.2813686;"Ruffing T.; Kate A.; Schröder D.";Liar, Liar, coins on fire!: Penalizing equivocation by loss of bitcoins;We show that equivocation, i.e., making conflicting statements to others in a distributed protocol, can be monetarily disincentivized by the use of crypto-currencies such as Bitcoin. To this end, we design completely decentralized non-equivocation contracts, which make it possible to penalize an equivocating party by the loss of its money. At the core of these contracts, there is a novel cryptographic primitive called accountable assertions, which reveals the party's Bitcoin credentials if it equivocates. Non-equivocation contracts are particularly useful for distributed systems that employ public append-only logs to protect data integrity, e.g., in cloud storage and social networks. Moreover, as double-spending in Bitcoin is a special case of equivocation, the contracts enable us to design a payment protocol that allows a payee to receive funds at several unsynchronized points of sale, while being able to penalize a double-spending payer after the fact.;conference paper;scopus;New Protocol;Security;Other
29;2016;10.1007/978-3-319-45656-0_3;"Herrera-Joancomartí J.; Pérez-Solà C.";Privacy in bitcoin transactions: New challenges from blockchain scalability solutions;Bitcoin has emerged as the most successful cryptocurrency since its appearance back in 2009. However, its main drawback to become a truly global payment system is its low capacity in transaction throughput. At present time, some ideas have been proposed to increase the transaction throughput, with different impact on the scalability of the system. Some of these ideas propose to decouple standard transactions from the blockchain core and to manage them through a parallel payment network, relegating the usage of the bitcoin blockchain only to transactions which consolidate multiple of those off-chain movements. Such mechanisms generate new actors in the bitcoin payment scenario, the Payment Service Providers, and new privacy issues arise regarding bitcoin users. In this paper, we provide a comprehensive description of the most relevant scalability solutions proposed for the bitcoin network and we outline its impact on users’ privacy based on the early stage proposals published so far. © Springer International Publishing Switzerland 2016.;conference paper;scopus;Analysis;Security;LN
30;2017;10.1145/3133956.3134096;"Malavolta G.; Moreno-Sanchez P.; Kate A.; Maffei M.; Ravi S.";Concurrency and privacy with payment-channel networks;Permissionless blockchains protocols such as Bitcoin are inherently limited in transaction throughput and latency. Current efforts to address this key issue focus on off-chain payment channels that can be combined in a Payment-Channel Network (PCN) to enable an unlimited number of payments without requiring to access the blockchain other than to register the initial and final capacity of each channel. While this approach paves the way for low latency and high throughput of payments, its deployment in practice raises several privacy concerns as well as technical challenges related to the inherently concurrent nature of payments that have not been sufficiently studied so far. In this work, we lay the foundations for privacy and concurrency in PCNs, presenting a formal definition in the Universal Composability framework as well as practical and provably secure solutions. In particular, we present Fulgor and Rayo. Fulgor is the first payment protocol for PCNs that provides provable privacy guarantees for PCNs and is fully compatible with the Bitcoin scripting system. However, Fulgor is a blocking protocol and therefore prone to deadlocks of concurrent payments as in currently available PCNs. Instead, Rayo is the first protocol for PCNs that enforces non-blocking progress (i.e., at least one of the concurrent payments terminates). We show through a new impossibility result that non-blocking progress necessarily comes at the cost of weaker privacy. At the core of Fulgor and Rayo is Multi-Hop HTLC, a new smart contract, compatible with the Bitcoin scripting system, that provides conditional payments while reducing running time and communication overhead with respect to previous approaches. Our performance evaluation of Fulgor and Rayo shows that a payment with 10 intermediate users takes as few as 5 seconds, thereby demonstrating their feasibility to be deployed in practice. © 2017 author(s).;conference paper;scopus;New Protocol;Security;LN
31;2017;10.1007/978-3-319-67208-3_8;"Piatkivskyi D.; Axelsson S.; Nowostawski M.";Digital forensic implications of collusion attacks on the lightning network;The limited size of a block in the Bitcoin blockchain produces a scaling bottleneck. The transaction scalability problem can be addressed by performing smaller transactions off-chain and periodically reporting the results to the Bitcoin blockchain. One such solution is the Lightning Network. Bitcoin is employed by lawful users and criminals. This requires crimes against lawful users as well as the use of Bitcoin for nefarious purposes to be investigated. However, unlike Bitcoin, the Lightning Network enables collusion attacks involving intermediate nodes and recipients. In such an attack, regardless of a sender’s actions, money is received by an intermediate node that colludes with a dishonest recipient. Since the dishonest recipient does not “actually” receive the money, it does not provide the goods/service to the sender. Thus, the sender pays for the unprovided goods/service, but the recipient can prove that the payment was not received. This chapter discusses the forensic implications of collusion attacks with regard to lawful users because no discernible traces of attacks remain, as well as for law enforcement, where the attacks can target parties as a form of forfeiture, analogous to law enforcement “sting” operations. This chapter also discusses the potential of the Lightning Network to be used for money laundering activities. © IFIP International Federation for Information Processing 2017.;conference paper;scopus;Analysis;Security;LN
32;2018;10.48550/arXiv.1811.12740;Avarikioti, G., Laufenberg, F., Sliwinski, J., Wang, Y., Wattenhofer, R.;Towards Secure and Efficient Payment Channels;Micropayment channels are the most prominent solution to the limitation on transaction throughput in current blockchain systems. However, in practice channels are risky because participants have to be online constantly to avoid fraud, and inefficient because participants have to open multiple channels and lock funds in them. To address the security issue, we propose a novel mechanism that involves watchtowers incentivized to watch the channels and reveal a fraud. Our protocol does not require participants to be online constantly watching the blockchain. The protocol is secure, incentive compatible and lightweight in communication. Furthermore, we present an adaptation of our protocol implementable on the Lightning protocol. Towards efficiency, we examine specific topological structures in the blockchain transaction graph and generalize the construction of channels to enable topologies better suited to specific real-world needs. In these cases, our construction reduces the required amount of signatures for a transaction and the total amount of locked funds in the system.;preprint;arxiv;New Protocol;Security;LN
33;2018;10.6688/JISE.2018.34.1.11;"Kang B.-Y.; Wang M.; Jing D.-Y.";An off-line payment scheme for digital content via subliminal channel;Now, more and more people have been purchasing digital contents through e-commerce. So, secure payment schemes are important issue. In a traditional electronic payment scheme there are three participants, a customer, a shop and a bank. To solve fairness and ownership issue, an arbiter is also needed. Recently, Chen et al. proposed a fair online payment system for digital content via subliminal channel and claimed that their scheme satisfies not only unforgeability and anonymity but also fairness and legal owner arbitration. Once demand, the arbiter can solve the fairness issue, and judge the ownership from the subliminal message provided by the customer. But in this paper, we point out that Chen et al.’s scheme is subjected to some attacks on anonymity, fairness and the customer’s private key. Furthermore, combining techniques of blind signatures and verifiably encrypted signatures, we propose a fair off-line payment scheme for digital content via subliminal channel. In many respects we discuss the security, and show the formal proofs of unforgeability and anonymity of the proposed scheme. The comparisons show that the proposed scheme needs low computation and communication cost. © 2018 Institute of Information Science. All rights reserved.;article;scopus;New Protocol;Security;Other
34;2019;10.1007/978-3-030-31500-9_20;"Avarikioti G.; Besic K.; Wang Y.; Wattenhofer R.";Online Payment Network Design;Payment channels allow transactions between participants of the blockchain to be executed securely off-chain, and thus provide a promising solution for the scalability problem of popular blockchains. We study the online network design problem for payment channels, assuming a central coordinator. We focus on a single channel, where the coordinator desires to maximize the number of accepted transactions under given capital constraints. Despite the simplicity of the problem, we present a flurry of impossibility results, both for deterministic and randomized algorithms against adaptive as well as oblivious adversaries. © Springer Nature Switzerland AG 2019.;conference paper;scopus;New Protocol;Security;Other
35;2019;10.1145/3321705.3329812;"Herrera-Joancomartí J.; Navarro-Arribas G.; Ranchal-Pedrosa A.; Pérez-Solà C.; Garcia-Alfaro J.";On the difficulty of hiding the balance of lightning network channels;The Lightning Network is a second layer technology running on top of Bitcoin and other Blockchains. It is composed of a peer-to-peer network, used to transfer raw information data. Some of the links in the peer-to-peer network are identified as payment channels, used to conduct payments between two Lightning Network clients (i.e., the two nodes of the channel). Payment channels are created with a fixed credit amount, the channel capacity. The channel capacity, together with the IP address of the nodes, is published to allow a routing algorithm to find an existing path between two nodes that do not have a direct payment channel. However, to preserve users' privacy, the precise balance of the pair of nodes of a given channel (i.e. the bandwidth of the channel in each direction), is kept secret. Since balances are not announced, second-layer nodes probe routes iteratively, until they find a successful route to the destination for the amount required, if any. This feature makes the routing discovery protocol less efficient but preserves the privacy of channel balances. In this paper, we present an attack to disclose the balance of a channel in the Lightning Network. Our attack is based on performing multiple payments ensuring that none of them is finalized, minimizing the economical cost of the attack. We present experimental results that validate our claims, and countermeasures to handle the attack. © 2019 Association for Computing Machinery.;conference paper;scopus;Analysis;Security;LN
36;2019;10.5815/ijcnis.2019.06.03;"Hu Z.; Dychka I.; Onai M.; Zhykin Y.";Blind Payment Protocol for Payment Channel Networks;One of the most important problems of modern cryptocurrency networks is the problem of scaling: advanced cryptocurrencies like Bitcoin can handle around 5 transactions per second. One of the most promising solutions to this problem are second layer payment protocols: payment networks implemented on top of base cryptocurrency network layer, based on the idea of delaying publication of intermediate transactions and using base network only as a finalization layer. Such networks consist of entities that interact with the cryptocurrency system via a payment channel protocol, and can send, receive and forward payments. This paper describes a formal actor-based model of payment channel network and uses it to formulate a modified payment protocol that can be executed in the network without requiring any information about its topology and thus can hide information about financial relations between nodes. © 2019 MECS.;article;scopus;Modified Protocol;Security;LN
37;2019;10.1145/3318041.3355464;"Khabbazian M.; Nadahalli T.; Wattenhofer R.";Outpost: A responsive lightweight watchtower;In the context of second layer payments in Bitcoin, and specifically the Lightning Network, we propose a design for a lightweight watchtower that does not need to store signed justice transactions. We alter the structure of the opening and commitment transactions in Lightning channels to encode justice transactions as part of the commitment transactions. With that, a watchtower just needs to watch for specific cheating commitment transaction IDs on the blockchain and can extract signed justice transactions directly from these commitment transactions that appear on the blockchain. Our construction saves an order of magnitude in storage over existing watchtower designs. In addition, we let the watchtower prove to each channel that it has access to all the data required to do its job, and can therefore be paid-per-update. © 2019 Copyright held by the owner/author(s). Publication rights licensed to ACM.;conference paper;scopus;New Protocol;Security;LN
38;2019;10.1007/978-3-030-31500-9_11;"Leinweber M.; Grundmann M.; Schönborn L.; Hartenstein H.";TEE-Based Distributed Watchtowers for Fraud Protection in the Lightning Network;The Lightning Network is a payment channel network built on top of the cryptocurrency Bitcoin. It allows Bitcoin to scale by performing transactions off-chain to reduce load on the blockchain. Malicious payment channel participants can try to commit fraud by closing channels with outdated balances. The Lightning Network allows resolving this dispute on the blockchain. However, this mechanism forces the channels’ participants to watch the blockchain in regular intervals. It has been proposed to offload this monitoring duty to a third party, called a watchtower. However, existing approaches for watchtowers do not scale as they have storage requirements linear in the number of updates in a channel. In this work, we propose TEE Guard, a new architecture for watchtowers that leverages the features of Trusted Execution Environments to build watchtowers that require only constant memory and are thus able to scale. We show that TEE Guard is deployable because it can run with the existing Bitcoin and Lightning Network protocols. We also show that it is economically viable for a third party to provide watchtower services. As a watchtower needs to be trusted to be watching the blockchain, we also introduce a mechanism that allows customers to verify that a watchtower has been running continuously. © Springer Nature Switzerland AG 2019.;conference paper;scopus;New Protocol;Security;LN
39;2019;10.14722/ndss.2019.23330;"Malavolta G.; Moreno-Sanchez P.; Schneidewind C.; Kate A.; Maffei M.";Anonymous Multi-Hop Locks for Blockchain Scalability and Interoperability;Tremendous growth in cryptocurrency usage is exposing the inherent scalability issues with permissionless blockchain technology. Payment-channel networks (PCNs) have emerged as the most widely deployed solution to mitigate the scalability issues, allowing the bulk of payments between two users to be carried out off-chain. Unfortunately, as reported in the literature and further demonstrated in this paper, current PCNs do not provide meaningful security and privacy guarantees [30], [40]. In this work, we study and design secure and privacy-preserving PCNs. We start with a security analysis of existing PCNs, reporting a new attack that applies to all major PCNs, including the Lightning Network, and allows an attacker to steal the fees from honest intermediaries in the same payment path. We then formally define anonymous multi-hop locks (AMHLs), a novel cryptographic primitive that serves as a cornerstone for the design of secure and privacy-preserving PCNs. We present several provably secure cryptographic instantiations that make AMHLs compatible with the vast majority of cryptocurrencies. In particular, we show that (linear) homomorphic one-way functions suffice to construct AMHLs for PCNs supporting a script language (e.g., Ethereum). We also propose a construction based on ECDSA signatures that does not require scripts, thus solving a prominent open problem in the field. AMHLs constitute a generic primitive whose usefulness goes beyond multi-hop payments in a single PCN and we show how to realize atomic swaps and interoperable PCNs from this primitive. Finally, our performance evaluation on a commodity machine finds that AMHL operations can be performed in less than 100 milliseconds and require less than 500 bytes of communication overhead, even in the worst case. In fact, after acknowledging our attack, the Lightning Network developers have implemented our ECDSA-based AMHLs into their PCN. This demonstrates the practicality of our approach and its impact on the security, privacy, interoperability, and scalability of today’s cryptocurrencies. © NDSS 2019.All rights reserved.;conference paper;scopus;New Protocol;Security;LN
40;2019;10.3390/app9122519;"Nowostawski M.; Tøn J.";Evaluating methods for the identification of off-chain transactions in the lightning network;Payment channels and off-chain transactions are used to address blockchain scalability. Those mechanisms rely on the blockchain proper, as the resolution mechanism. They allow for high transaction throughput due to the pure peer-to-peer nature of the transaction exchange that happens directly between the peers, without the involvement of the blockchain transactions. The transactions are not mediated through the blockchain but happen off-chain. The transactions in such overlay networks are not included in the blockchain, they nevertheless leave some data traces in a public ledger. We have used the Bitcoin mainnet and testnet blockchains together with the Lightning network node to explore what can be inferred from the underlying blockchain in the context of Lightning transactions, channel setup, and channel teardown. The main purpose of this study is to identify what methods, transaction signatures, and data can be used to understand the non-visible publicly off-chain transactions. We have proposed heuristics for identifying the setup and teardown transactions, quantified and analyzed the effectiveness of our proposed methods. Using the data from the Bitcoin blockchain, as well as the data from the Lightning network to link related information we have found when parsing the blockchain, we generate network graph representations showing the relationships between the Lightning network channels identified on the blockchain. This study is significant from the personal data and privacy perspectives, as well as from forensics. We have established that at least 75% of all P2WSH transactions are Lightning transactions, and some of the channels can be deduced from the blockchain analysis. The synthesized results demonstrate that our methods are viable for identifying a subset of transactions and that only partial topology of the payment channels can be obtained from the data left in the blockchain. © 2019 by the authors.;article;scopus;Analysis;Security;LN
41;2019;10.1109/EuroSPW.2019.00045;"Rohrer E.; Malliaris J.; Tschorsch F.";Discharged Payment Channels: Quantifying the Lightning Network's Resilience to Topology-Based Attacks;The Lightning Network is the most widely used payment channel network (PCN) to date, making it an attractive attack surface for adversaries. In this paper, we analyze the Lightning Network's PCN topology and investigate its resilience towards random failures and targeted attacks. In particular, we introduce the notions of channel exhaustion and node isolation attacks and show that the Lightning Network is susceptible to these attacks. In a preliminary analysis, we confirm that the Lightning Network can be classified as a small-world and scale-free network. Based on these findings, we develop a series of strategies for targeted attacks and introduce metrics that allow us to quantify the adversary's advantage. Our results indicate that an attacker who is able to remove a certain number of nodes should follow a centrality-based strategy, while a resource-limited attacker who aims for high efficiency should employ a highest ranked minimum cut strategy. © 2019 IEEE.;conference paper;scopus;Analysis;Security;LN
42;2019;10.1007/978-3-030-31578-8_28;"Tian Y.; Li Y.; Sengupta B.; Li N.; Yu Y.";Anonymous Asynchronous Payment Channel from k-Time Accountable Assertion;Accountable assertion enables a payer to make off-chain payments to a payee, and at the same time, the payer’s secret credentials can be revealed if she equivocates (i.e., makes conflicting statements to others). In this paper, we introduce a new construction of accountable assertion that allows an assertion to be accountable for k times. We also present a new construction of anonymous payment channels for the cryptocurrency Bitcoin that allows a payer with k-time accountable assertions to anonymously make off-chain payments to the payee. In particular, we define formal security models for the new constructions, we also prove that the k-time assertion can achieve strong secrecy, and the asynchronous payment channel can achieve anonymity and untraceability. The proposed anonymous payment channel with k-time accountable assertions ensures that: (1) the payee can anonymously receive funds at asynchronous points of sale, and (2) the payee can trace the real identities of payers when they equivocate, and penalize them afterward. © 2019, Springer Nature Switzerland AG.;conference paper;scopus;New Protocol;Security;Other
43;2019;10.1109/DSC47296.2019.8937619;"Xu S.; Yuan J.; Li Y.; Liu X.; Zhang Y.";Super Payment Channel for Decentralized Cryptocurrencies;"Payment channel with penalizing double-spending has been widely applied in cryptocurrencies for achieving fast payment. However, current payment channel solutions suffer at least one of the following problems: 1) large overheads and communication costs are incurred to thwart double-spending; 2) payees must be defined before building payment channels; 3) a single payment channel does not support multiple payees; 4) no formally theoretical proofs are provided for the security of payment channels (as an open problem mentioned in CCS'15). In this paper, we fill these gaps by introducing a new fast payment protocol named super payment channel. We provide detailed construction based on digital signatures and accountable assertions with formal security proofs. We also implement our proposed protocol in different circumstances and demonstrate that our proposed protocol incurs a small overhead compared to ordinary Bitcoin transactions. © 2019 IEEE.";conference paper;scopus;New Protocol;Security;Other
44;2019;10.1007/978-3-030-31919-9_18;"Yu B.; Kermanshahi S.K.; Sakzad A.; Nepal S.";Chameleon Hash Time-Lock Contract for Privacy Preserving Payment Channel Networks;Payment channel networks (PCNs) have been proposed to address the low transaction throughput of the permissionless blockchain protocols. Though the PCNs allow users to have the unlimited number of transactions in the channel without interacting with blockchain, it leaks the entire payment paths to the public. To address the payment path leakage issue, we propose a Chameleon-hash based payment protocol, called Chameleon Hash Time-Lock Contract (CHTLC). Using Chameleon-hash function in a multi-layer fashion guarantees that no user can recover the payment path if at least one intermediate payment node is honest. For the same payment path, compared with Multi-hop Hash Time-Lock Contract (MHTLC) protocol of Malavolta et al. [1], CHTLC is 5 times faster in the payment data initialisation, and the communication bandwidth is reduced significantly from 17, 000 KB to just 7.7 KB. © 2019, Springer Nature Switzerland AG.;conference paper;scopus;New Protocol;Security;Other
45;2019;10.1109/GLOBECOM38437.2019.9014080;"Yu R.; Wan Y.; Kilari V.T.; Xue G.; Tang J.; Yang D.";P4PCN: Privacy-preserving path probing for payment channel networks;Recent advances in security and cryptography have enabled new paradigms for secure networking in various scenarios. The payment channel network (PCN) is a notable example, which has emerged from the combination of the traditional credit network in economics and the latest blockchain technology. PCN provides a secure and efficient way for conducting payments, by addressing both the intrinsic financial risk of the credit network and the scalability issue of the blockchain. A crucial challenge in PCN is routing, i.e., to find a set of paths that fulfill a payment request. Due to the fully distributed and dynamic nature of PCN, existing routing algorithms utilize active probing to improve routing success probability. However, while the payment itself is privacy-preserving through existing protocols, the probing process can leak sensitive information including the location of the sender or the recipient. In this paper, we address the privacy of the users in the path probing process, filling in the last piece of the privacy puzzle in PCN. We propose P4PCN, a cryptographic protocol for anonymous active probing without knowing the identities or public keys of the intermediate nodes, while hiding the locations of sender and recipient as well as any path-related information. Our protocol is lightweight and scales with the number of hops a probe explores. We confirm its performance via real-world implementation and simulation experiments. © 2019 IEEE.;conference paper;scopus;New Protocol;Security;Other
46;2020;10.1007/978-3-030-51280-4_19;"Avarikioti Z.; Thyfronitis Litos O.S.; Wattenhofer R.";Cerberus Channels: Incentivizing Watchtowers for Bitcoin;"Bitcoin and similar blockchain systems have a limited transaction throughput because each transaction must be processed by all parties, on-chain. Payment channels relieve the blockchain by allowing parties to execute transactions off-chain while maintaining the on-chain security guarantees, i.e., no party can be cheated out of their funds. However, to maintain these guarantees all parties must follow blockchain updates ardently. To alleviate this issue, a channel party can hire a “watchtower” to periodically check the blockchain for fraud on its behalf. However, watchtowers will only do their job properly if there are financial incentives, fees, and punishments. There are known solutions, but these need complex smart contracts, and as such are not applicable to Bitcoin’s simple script language. This raises the natural question of whether incentivized watchtowers are at all possible in a system like Bitcoin. In this work, we answer this question affirmatively, by introducing Cerberus channels, an extension of Lightning channels. Cerberus channels reward watchtowers while remaining secure against bribing and collusion; thus participants can safely go offline for an extended period of time. We show that Cerberus channels are correct, and provide a proof-of-concept implementation in the Bitcoin script language. © 2020, International Financial Cryptography Association.";conference paper;scopus;New Protocol;Security;LN
47;2020;10.1007/978-3-030-59013-0_19;"Esgin M.F.; Ersoy O.; Erkin Z.";Post-quantum adaptor signatures and payment channel networks;Adaptor signatures, also known as scriptless scripts, have recently become an important tool in addressing the scalability and interoperability issues of blockchain applications such as cryptocurrencies. An adaptor signature extends a digital signature in a way that a complete signature reveals a secret based on a cryptographic condition. It brings about various advantages such as (i) low on-chain cost, (ii) improved fungibility of transactions, and (iii) advanced functionality beyond the limitation of the blockchain’s scripting language. In this work, we introduce the first post-quantum adaptor signature, named $${\mathsf {LAS}}$$. Our construction relies on the standard lattice assumptions, namely Module-SIS and Module-LWE. There are certain challenges specific to the lattice setting, arising mainly from the so-called knowledge gap in lattice-based proof systems, that makes the realization of an adaptor signature and its applications difficult. We show how to overcome these technical difficulties without introducing additional on-chain costs. Our evaluation demonstrates that $${\mathsf {LAS}}$$ is essentially as efficient as an ordinary lattice-based signature in terms of both communication and computation. We further show how to achieve post-quantum atomic swaps and payment channel networks using $${\mathsf {LAS}}$$. © Springer Nature Switzerland AG 2020.;conference paper;scopus;New Protocol;Security;Other
48;2020;10.1145/3419614.3423248;"Harris J.; Zohar A.";Flood & Loot: A Systemic Attack on the Lightning Network;The Lightning Network promises to alleviate Bitcoin's known scalability problems. The operation of such second layer approaches relies on the ability of participants to turn to the blockchain to claim funds at any time, which is assumed to happen rarely. One of the risks that was identified early on is that of a wide systemic attack on the protocol, in which an attacker triggers the closure of many Lightning channels at once. The resulting high volume of transactions in the blockchain will not allow for the proper settlement of all debts, and attackers may get away with stealing some funds. This paper explores the details of such an attack and evaluates its cost and overall impact on Bitcoin and the Lightning Network. Specifically, we show that an attacker is able to simultaneously cause victim nodes to overload the Bitcoin blockchain with requests and to steal funds that were locked in channels. We go on to examine the interaction of Lightning nodes with the fee estimation mechanism and show that the attacker can continuously lower the fee of transactions that will later be used by the victim in its attempts to recover funds - eventually reaching a state in which only low fractions of the block are available for lightning transactions. Our attack is made easier even further as the Lightning protocol allows the attacker to increase the fee offered by his own transactions. We show that the vast majority of nodes agree to channel opening requests from unknown sources and are therefore susceptible to this attack. We highlight differences between various implementations of the Lightning Network protocol and review the susceptibility of each one to the attack. Finally, we propose mitigation strategies to lower the systemic attack risk of the network.  © 2020 ACM.;conference paper;scopus;Analysis;Security;LN
49;2020;10.5220/0008974801190130;"Hüttel H.; Staroveski V.";Secrecy and authenticity properties of the lightning network protocol;The Lightning Network is a second layer protocol that sits on top of the Bitcoin cryptocurrency. It is a decentralized network of payment channels first conceptualized in 2014 and its first implementation was released in 2017. Being a fairly new technology, it may have security issues that we do not know of and the goal of this report is to analyse the Lightning Network to further investigate its security properties. The focus of this analysis is on answering whether the confidential data is kept secret and whether the user authenticity holds in the protocol. In the analysis we use the process algebra to formally describe cryptographic protocols that form the Lightning Network and an automatic cryptographic protocol analyser called ProVerif for their analysis. © Copyright 2020 by SCITEPRESS - Science and Technology Publications, Lda. All rights reserved.;conference paper;scopus;Analysis;Security;LN
50;2020;10.1007/978-3-030-65411-5_18;"Jourenko M.; Larangeira M.; Tanaka K.";Lightweight virtual payment channels;Blockchain systems have severe scalability limitations e.g., long confirmation delays. Layer-2 protocols are designed to address such limitations. The most prominent class of such protocols are payment channel networks e.g., the Lightning Network for Bitcoin where pairs of participants create channels that can be concatenated into networks. These allow payments across the network without interaction with the blockchain. A drawback is that all intermediary nodes within a payment path must be online. Virtual Channels, as recently proposed by Dziembowski et al. (CCS’18), allow payments without this limitation. However, these can only be implemented on blockchains with smart contract capability therefore limiting its applicability. Our work proposes the notion of –Lightweight– Virtual Payment Channels, i.e. only requiring timelocks and multisignatures, enabling Virtual Channels on a larger range of blockchain systems of which a prime example is Bitcoin. More concretely, other contributions of this work are (1) to introduce a fully-fledged formalization of our construction, and (2) to present a simulation based proof of security in Canetti’s UC Framework. © Springer Nature Switzerland AG 2020.;conference paper;scopus;New Protocol;Security;Other
51;2020;10.1109/CSF49147.2020.00031;"Kiayias A.; Litos O.S.T.";A Composable Security Treatment of the Lightning Network;The high latency and low throughput of blockchain protocols constitute one of the fundamental barriers for their wider adoption. Overlay protocols, notably the lightning network, have been touted as the most viable direction for rectifying this in practice. In this work we present for the first time a full formalisation and security analysis of the lightning network in the (global) universal composition setting that leverages a global ledger functionality, for which realisability by the Bitcoin blockchain protocol has been demonstrated in previous work [Badertscher et al., Crypto'17]. As a result, our treatment delineates exactly how the security guarantees of the protocol depend on the properties of the underlying ledger and the frequent availability of the protocol participants. Moreover, we provide a complete and modular description of the core of the lightning protocol that highlights precisely its dependency to underlying basic cryptographic primitives such as igital signatures, pseudorandom functions, identity-based signatures and a less common two-party primitive, which we term a combined digital signature, that were originally hidden within the lightning protocol's implementation.  © 2020 IEEE.;conference paper;scopus;Analysis;Security;LN
52;2020;10.1016/j.pmcj.2019.101108;"Lee S.; Kim H.";On the robustness of Lightning Network in Bitcoin;An off-chain transaction protocol called Lightning Network was recently introduced to enable low-fee and micropayment transactions on the top of the Bitcoin network. This technology has the potential to solve the inherent scalability issue of the Bitcoin system, but is still questionable whether the proposed system is highly secure and robust against various cyberattacks. In this paper, we analyzed the network characteristics of the Lightning Network mainnet which was launched on March 15, 2018 and found that the Lightning Network topology shows strong scale-free network characteristics. This implies that Lightning Network can be vulnerable to DDoS attacks targeting some specific nodes in the network because there are a few highly connected “hub” nodes in a scale-free network. We experimentally analyze the robustness of Lightning Network via the simulation of network attack model. Our simulation results demonstrate that the connectivity of the existing Lightning Network cannot be maintained sufficiently against target attacks that repeatedly destroy a few nodes with high centrality. © 2019 Elsevier B.V.;article;scopus;Analysis;Security;LN
53;2020;10.48550/arXiv.2012.04254;Lee, J., Kim, S., Park, S., Moon, S.-M.;RouTEE: A secure payment network routing hub using trusted execution environments;"Cryptocurrencies such as Bitcoin and Ethereum have made payment transactions possible without a trusted third party, but they have a scalability issue due to their consensus mechanisms. Payment networks have emerged to overcome this limitation by executing transactions outside of the blockchain, which is why these are referred to as off-chain transactions. In order to establish a payment channel between two users, the users lock their deposits in the blockchain, and then they can pay each other through the channel. Furthermore, payment networks support multi-hop payments that allow users to transfer their balances to other users who are connected to them via multiple channels. However, multi-hop payments are hard to be accomplished, as they are heavily dependent on routing users on a payment path from a sender to a receiver. Although routing hubs can make multi-hop payments more practical and efficient, they need a lot of collateral locked for a long period and have privacy issues in terms of payment history. We propose RouTEE, a secure payment routing hub that is fully feasible without the hub’s deposit. Unlike existing payment networks, RouTEE provides high balance liquidity, and details about payments are concealed from hosts by leveraging trusted execution environments (TEEs). RouTEE is designed to make rational hosts behave honestly, by introducing a new routing fee scheme and a secure settlement method. Moreover, users do not need to monitor the blockchain in real-time or run full nodes. They can participate in RouTEE by simply verifying block headers through light clients; furthermore, having only one channel with RouTEE is sufficient to interact with other users. Our implementation demonstrates that RouTEE is highly efficient and outperforms Lightning Network that is the state-of-the-art payment network.";preprint;arxiv;New Protocol;Security;LN
54;2020;10.1109/INFOCOM41043.2020.9155375;"Li P.; Miyazaki T.; Zhou W.";Secure Balance Planning of Off-blockchain Payment Channel Networks;Off-blockchain payment channels can significantly improve blockchain scalability by enabling a large number of micro-payments between two blockchain nodes, without committing every single payment to the blockchain. Multiple payment channels form a payment network, so that two nodes without direct channel connection can still make payments. A critical challenge in payment network construction is to decide how many funds should be deposited into payment channels as initial balances, which seriously influences the performance of payment networks, but has been seldom studied by existing work. In this paper, we address this challenge by designing PnP, a balance planning service for payment networks. Given estimated payment demands among nodes, PnP can decide channel balances to satisfy these demands with a high probability. It does not rely on any trusted third-parties, and can provide strong protection from malicious attacks with low overhead. It obtains these benefits with two novel designs, the cryptographic sortition and the chance-constrained balance planning algorithm. Experimental results on a testbed of 30 nodes show that PnP can enable 30% more payments than other designs. © 2020 IEEE.;conference paper;scopus;New Protocol;Security;LN
55;2020;10.1109/TrustCom50675.2020.00138;"Mazumdar S.; Banerjee P.; Ruj S.";Time is money: Countering griefing attack in lightning network;Lightning Network is the most deployed Bitcoin-compatible Payment Channel Network (PCN), ensuring faster execution of transactions. However, this Layer-two solution has its fair share of problems. Topological analysis on Lightning Network reveals that Griefing Attack is a major problem whereby an adversary intentionally exhausts the channel capacity of the network. Though the attack does not always result in a direct monetary gain of the attacker, blocking of channel capacity for several days prevents several nodes from processing any future transaction request, leading to substantial collateral damage. If the attacker is able to lock funds in multiple paths simultaneously, then a major portion of the network may get stalled, reducing the throughput. Mitigating Griefing Attack still remains an open problem. In this paper, we propose an efficient countermeasure for the attack, known as Griefing-Penalty. To realize it, we propose a new payment protocol HTLC-GP or Hashed Timelock Contract with Griefing-Penalty. It not only preserves privacy but also ensures that an attacker cannot ascribe blame on any honest party present in the path relaying the payment. We evaluate the effectiveness of griefing-penalty using different attack strategies and test it on several snapshots of Lightning Network. Our evaluation results show that loss incurred is substantially high for HTLC-GP compared to HTLC. © 2020 IEEE.;conference paper;scopus;New Protocol;Security;LN
56;2020;10.5220/0009429200070014;"Nisslmueller U.; Foerster K.-T.; Schmid S.; Decker C.";Toward Active and Passive Confidentiality Attacks on Cryptocurrency Off-chain Networks;Cryptocurrency off-chain networks such as Lightning (e.g., Bitcoin) or Raiden (e.g., Ethereum) aim to increase the scalability of traditional on-chain transactions. To support nodes to learn about possible paths to route their transactions, these networks need to provide gossip and probing mechanisms. This paper explores whether these mechanisms may be exploited to infer sensitive information about the flow of transactions, and eventually harm privacy. In particular, we identify two threats, related to an active and a passive adversary. The first is a probing attack: here the adversary aims the maximum amount which is transferable in a given direction of a target channel, by active probing. The second is a timing attack: the adversary discovers how close the destination of a routed payment actually is, by acting as a passive man-in-the middle. We then analyze the limitations of these attacks and propose remediations for scenarios in which they are able to produce accurate results. © 2022 by SCITEPRESS – Science and Technology Publications, Lda. All rights reserved.;conference paper;scopus;Analysis;Security;LN
57;2020;10.1007/978-3-030-66172-4_20;"Oleas-Chávez L.E.; Pérez-Solà C.; Herrera-Joacomartí J.";On the Selection of the LN Client Implementation Parameters;The Lightning Network (LN) is a payment network deployed on top of Bitcoin. In the LN, the payer and the payee do not need to have an open direct channel to transact: they can transact through channels by means of other users of the network, that act as intermediaries for the payments. The parameters of the contracts being used in these multihop payments determine the level of security offered, but also the usefulness of the LN as a payment network. In this paper, we evaluate the impact of tuning the parameters of the contracts for the security and performance of the payment network, and provide recommendations on the values for those parameters, taking into account the trade-off between network utility and security. © 2020, Springer Nature Switzerland AG.;conference paper;scopus;Analysis;Security;LN
58;2020;10.1007/978-3-030-51280-4_14;"Pérez-Solà C.; Ranchal-Pedrosa A.; Herrera-Joancomartí J.; Navarro-Arribas G.; Garcia-Alfaro J.";LockDown: Balance Availability Attack Against Lightning Network Channels;The Lightning Network (LN) is a payment network running as a second layer on top of Bitcoin and other Blockchains. This paper presents the possibility of performing a balance lockdown in the LN due to misbehaving nodes associated to a given channel. We formalize and introduce a practical attack, minimizing the economic cost of the attack. We present results that validate our claims, and provide experimental results and potential countermeasures to handle the problem. © 2020, International Financial Cryptography Association.;conference paper;scopus;Analysis;Security;LN
59;2020;10.48550/arXiv.2006.01418;Riard, A., Naumenko, G.;Time-Dilation Attacks on the Lightning Network;Lightning Network (LN) is a widely-used network of payment channels enabling faster and cheaper Bitcoin transactions. In this paper, we outline three ways an attacker can steal funds from honest LN users. The attacks require dilating the time for victims to become aware of new blocks by eclipsing (isolating) victims from the network and delaying block delivery. While our focus is on the LN, time-dilation attacks may be relevant to any second-layer protocol that relies on a timely reaction. According to our measurements, it is currently possible to steal the total channel capacity by keeping a node eclipsed for as little as 2 hours. Since trust-minimized Bitcoin light clients currently connect to a very limited number of random nodes, running just 500 Sybil nodes allows an attacker to Eclipse 47% of newly deployed light clients (and hence prime them for an attack). As for the victims running a full node, since they are often used by large hubs or service providers, an attacker may justify the higher Eclipse attack cost by stealing all their available liquidity. In addition, time-dilation attacks neither require access to hashrate nor purchasing from a victim. Thus, this class of attacks is a more practical way of stealing funds via Eclipse attacks than previously anticipated double-spending. We argue that simple detection techniques based on the slow block arrival alone are not effective, and implementing more sophisticated detection is not trivial. We suggest that a combination of anti-Eclipse/anti-Sybil measures are crucial for mitigating time-dilation attacks.;preprint;arxiv;Analysis;Security;LN
60;2020;10.48550/arXiv.2006.12143;Rohrer, E., Tschorsch, F.;Counting down thunder: timing attacks on privacy in payment channel networks;The Lightning Network is a scaling solution for Bitcoin that promises to enable rapid and private payment processing. In Lightning, multi-hop payments are secured by utilizing Hashed Time-Locked Contracts (HTLCs) and encrypted on the network layer by an onion routing scheme to avoid information leakage to intermediate nodes. In this work, we however show that the privacy guarantees of the Lightning Network may be subverted by an on-path adversary conducting timing attacks on the HTLC state negotiation messages. To this end, we provide estimators that enable an adversary to reduce the anonymity set and infer the likeliest payment endpoints. We developed a proof-of-concept measurement node that shows the feasibility of attaining time differences and evaluate the adversarial success in model-based network simulations. We find that controlling a small number malicious nodes is sufficient to observe a large share of all payments, emphasizing the relevance of the on-path adversary model. Moreover, we show that adversaries of different magnitudes could employ timing-based attacks to deanonymize payment endpoints with high precision and recall.;preprint;arxiv;Analysis;Security;LN
61;2020;10.1145/3372297.3417263;"Thyagarajan S.A.K.; Bhat A.; Malavolta G.; Döttling N.; Kate A.; Schröder D.";Verifiable Timed Signatures Made Practical;A verifiable timed signature (VTS) scheme allows one to time-lock a signature on a known message for a given amount of time T such that after performing a sequential computation for time T anyone can extract the signature from the time-lock. Verifiability ensures that anyone can publicly check if a time-lock contains a valid signature on the message without solving it first, and that the signature can be obtained by solving the same for time T. This work formalizes VTS, presents efficient constructions compatible with BLS, Schnorr, and ECDSA signatures, and experimentally demonstrates that these constructions can be employed in practice. On a technical level, we design an efficient cut-and-choose protocol based on the homomorphic time-lock puzzles to prove the validity of a signature encapsulated in a time-lock puzzle. We also present a new efficient range proof protocol that significantly improves upon existing proposals in terms of the proof size, and is also of independent interest. While VTS is a versatile tool with numerous existing applications, we demonstrate VTS's applicability to resolve three novel challenging issues in the space of cryptocurrencies. Specifically,we show how VTS is the cryptographic cornerstone to construct:(i) Payment channel networks with improved on-chain unlinkability of users involved in a transaction, (ii) multi-party signing of transactions for cryptocurrencies without any on-chain notion oftime and (iii) cryptocurrency-enabled fair multi-party computation protocol. © 2020 ACM.;conference paper;scopus;New Protocol;Security;LN
62;2020;10.1109/EuroSPW51379.2020.00059;"Tikhomirov S.; Moreno-Sanchez P.; Maffei M.";A Quantitative Analysis of Security, Anonymity and Scalability for the Lightning Network;Payment channel networks have been introduced to mitigate the scalability issues inherent to permissionless decentralized cryptocurrencies such as Bitcoin. Launched in 2018, the Lightning Network (LN) has been gaining popularity and consists today of more than 5000 nodes and 35000 payment channels that jointly hold 965 bitcoins (9.2M USD as of June 2020). This adoption has motivated research from both academia and industryPayment channels suffer from security vulnerabilities, such as the wormhole attack [39], anonymity issues [38], and scalability limitations related to the upper bound on the number of concurrent payments per channel [28], which have been pointed out by the scientific community but never quantitatively analyzedIn this work, we first analyze the proneness of the LN to the wormhole attack and attacks against anonymity. We observe that an adversary needs to control only 2% of nodes to learn sensitive payment information (e.g., sender, receiver, and amount) or to carry out the wormhole attack. Second, we study the management of concurrent payments in the LN and quantify its negative effect on scalability. We observe that for micropayments, the forwarding capability of up to 50% of channels is restricted to a value smaller than the channel capacity. This phenomenon hinders scalability and opens the door for denial-of-service attacks: we estimate that a network-wide DoS attack costs within 1.6M USD, while isolating the biggest community costs only 238k USDOur findings should prompt the LN community to consider the issues studied in this work when educating users about path selection algorithms, as well as to adopt multi-hop payment protocols that provide stronger security, privacy and scalability guarantees. © 2020 IEEE.;conference paper;scopus;Analysis;Security;LN
63;2020;10.48550/arXiv.2004.00333;Tikhomirov, S., Pickhardt, R., Biryukov, A., Nowostawski, M.;Probing channel balances in the lightning network;Payment channel networks (PCN) have been introduced to solve scalability problem of permissionless blockchains such as Bitcoin. The Lightning Network (LN), launched in 2018, is the most prominent PCN built on top of Bitcoin. As of March 2020, LN consists of over 11 thousand nodes and 36 thousand channels, collectively holding nearly 900 bitcoins (7:8M USD). A payment channel allows two parties to lock funds in a multisignature address and then modify the distribution of funds in nearly instant transactions, without confirming them in the blockchain. As LN transactions are not broadcast and not publicly stored, LN has been seen not only as scalability but also as privacy solution. The protocol guarantees that only the latest channel state can be confirmed on channel closure. LN also supports multi-hop payments, where the balances of multiple channels along a path are moved. The atomicity of this process is guaranteed by hash time-locked contracts (HTLC). LN nodes gossip about channels available for routing and their total capacities. To issue a (multi-hop) payment, the sender creates a route based on its local knowledge of the graph. As local channel balances are not public, payments often fail due to insuficient balance at an intermediary hop. In that case, the payment is attempted along multiple routes until it succeeds. This constitutes a privacy-efficiency tradeoff: Hidden balances improve privacy but hinder routing efficiency. In this work, we show that an attacker can easily discover channel balances using probing. This takes under a minute per channel and requires moderate capital commitment and no expenditures (the attacker's funds are only temporarily locked). We describe the algorithm and test our proof-of-concept implementation on Bitcoin's testnet. We argue that LN's balance between privacy and routing efficiency is suboptimal: Channel balances are neither well protected nor utilized. We outline two ways for LN to evolve in respect to this issue. To emphasize privacy, we propose a modification of error handling that hides details of the erring channel from the sending node. This would break our probing technique but make routing failures more common, as the sender would not know which channel from the attempted route has failed. To improve efficiency, we propose a new API call that would let the sender query balances of channels that it is not a party of. We argue that combining these approaches can help LN take the best of both worlds: Hide private data when feasible, and utilize public data for higher routing efficiency.;preprint;arxiv;Analysis;Security;LN
64;2020;10.1145/3419614.3423253;"Tochner S.; Zohar A.; Schmid S.";Route Hijacking and DoS in Off-Chain Networks;Off-chain transaction networks can mitigate the scalability issues of today's trustless blockchain systems such as Bitcoin. However, these peer-to-peer networks also introduce a new attack surface which is not yet fully understood. This paper identifies and analyzes a novel type of Denial-of-Service attack which is based on attracting routes, i.e., which exploits the way transactions are routed and executed along the channels of the network in order to attract nodes to route through the attacker. This attack is conceptually interesting as it highlights a fundamental design tradeoff for the defender (who determines its own routes): to become less susceptible to hijacking, a rational node has to pay higher fees to nodes that forward its payments. We focus on the Lightning network, and we investigate both the structure of the network using real data collected over an extended period of time, and the routing algorithms of different implementations. We find that the three most common implementations (Ind, C-lightning, Eclair) approach routing differently. We then explore the routes chosen by these implementations in the current Lightning network. We find that very few nodes route most of the traffic: nearly 60% of all routes pass through only five nodes, while 80% go through only 15 nodes. Thus, a relatively small number of colluding nodes can deny service to a large fraction of the network. We then turn to study an external attacker who creates links to the network and draws more routes through its nodes by asking for lower fees. While finding the optimal set of links to create is NP-complete, we show that using a greedy attack strategy, an attacker can obtain a 1 - 1/e approximation. Given this strategy, we find that just five new links are enough to draw the majority (65% - 75%) of the traffic regardless of the implementation being used. The cost of creating these links is very low. Drawing this traffic, the attacker is then able to deny service to all those who route through it. We further show that newer routing algorithms recently introduced into lnd, to penalize routes that failed in the past and avoid selecting them again, do not effectively prevent such attacks. Finally, we suggest modified routing policies, which may help alleviate the problem.  © 2020 ACM.;conference paper;scopus;Analysis;Security;LN
65;2020;10.1007/978-3-030-54455-3_34;"Tripathy S.; Mohanty S.K.";Mappcn: Multi-hop anonymous and privacy-preserving payment channel network;Payment channel network (PCN) has become an indispensable mechanism to resolve scalability issues in blockchain-based cryptocurrencies. On the other hand, PCNs do not provide adequate security and privacy guarantee. Most of the existing payment schemes leak information about payer or payee to the nodes in the payment path. To address this issue, we propose a simple but effective, multi-hop, anonymous, and privacy-preserving PCN (MAPPCN). MAPPCN construction is based on Elliptic curve cryptography (ECC) and is proved to be secure while achieving payment path privacy, sender, and receiver anonymity. MAPPCN can be performed in $$(3 \cdot n + 5)$$ Elliptic curve scalar multiplication (ECSM) operations for an off-chain payment operation. © Springer Nature Switzerland AG 2020.;conference paper;scopus;New Protocol;Security;LN
66;2020;10.1007/978-3-030-58201-2_21;"van Dam G.; Kadir R.A.; Nohuddin P.N.E.; Zaman H.B.";Improvements of the Balance Discovery Attack on Lightning Network Payment Channels;The Lighting Network (LN) is a network of micropayment channels that runs on top of Bitcoin. The balances of payment channels are not broadcasted to the LN network to preserve the privacy of the nodes participating in the network. A balance disclosure attack (BDA) has been proven to be successful in determining the balance of large amounts of channels in the network. In this paper we propose an improved algorithm for the BDA as well as a new type of attack that leverages the differences between LN client software implementations. Our improved algorithm extends the original BDA by performing payments from both sides of the channel. The new attack uses malformed payments to shutdown payment channels an adversary is not part of. © 2020, IFIP International Federation for Information Processing.;conference paper;scopus;Modified Protocol;Security;LN
67;2020;10.48550/arXiv.2006.14358;Waugh, F., Holz, R.;An empirical study of availability and reliability properties of the Bitcoin Lightning Network;The Bitcoin Lightning network is a mechanism to enable fast and inexpensive off-chain Bitcoin transactions using peer-to-peer (P2P) channels between nodes that can also be composed into a routing path. Although the resulting possible channel graphs are well-studied, there is no empirical data on the network’s reliability in terms of being able to successfully route payments at a given moment in time. In this paper we address this gap and investigate two forms of availability that are a necessary ingredient to achieve such reliability. We first study the Lightning network’s ability to route payments of various sizes to nearly every participating node, over most available channels. We establish an inverse relationship between payment volume and success rate and show that at best only about a third of destination nodes can be successfully reached. The routing is hampered by a number of possible errors, both transient and permanent. We then study the availability of nodes in the network longitudinally and determine how long-lived they are. Churn in the network is actually low, and a considerable number of nodes are hosted on cloud providers. By testing node liveness, we find that the propagated network information is relatively often stale, however, both for IP addresses and Tor onion addresses. We provide recommendations how the Lightning network can be improved, including considerations which trade-offs between privacy and decentralization on the one hand and reliability on the other hand should at least be reconsidered by the community developing the Lightning network.;preprint;arxiv;Analysis;Security;LN
68;2021;10.48550/arXiv.2102.02659;Erdin, E., Mercan, S., Akkaya, K.;An evaluation of cryptocurrency payment channel networks and their privacy implications;Cryptocurrencies redefined how money can be stored and transferred among users. However, independent of the amount being sent, public blockchain-based cryptocurrencies suffer from high transaction waiting times and fees. These drawbacks hinder the wide use of cryptocurrencies by masses. To address these challenges, payment channel network concept is touted as the most viable solution to be used for micro-payments. The idea is exchanging the ownership of money by keeping the state of the accounts locally. The users inform the blockchain rarely, which decreases the load on the blockchain. Specifically, payment channel networks can provide transaction approvals in seconds by charging a nominal fee proportional to the payment amount. Such attraction on payment channel networks inspired many recent studies which focus on how to design them and allocate channels such that the transactions will be secure and efficient. However, as payment channel networks are emerging and reaching large number of users, privacy issues are becoming more relevant that raise concerns about exposing not only individual habits but also businesses' revenues. In this paper, we first propose a categorization of the existing payment networks formed on top of blockchain-backed cryptocurrencies. After discussing several emerging attacks on user/business privacy in these payment channel networks, we qualitatively evaluate them based on a number of privacy metrics that relate to our case. Based on the discussions on the strengths and weaknesses of the approaches, we offer possible directions for research for the future of privacy based payment channel networks.;preprint;arxiv;Analysis;Security;LN
69;2021;10.1007/978-3-662-64331-0_10;"Jourenko M.; Larangeira M.; Tanaka K.";Payment Trees: Low Collateral Payments for Payment Channel Networks;"The security of blockchain based decentralized ledgers relies on consensus protocols executed between mutually distrustful parties. Such protocols incur delays which severely limit the throughput of such ledgers. Payment and state channels enable execution of offchain protocols that allow interaction between parties without involving the consensus protocol. Protocols such as Hashed Timelock Contracts (HTLC) and Sprites (FC’19) connect channels into Payment Channel Networks (PCN) allowing payments across a path of payment channels. Such a payment requires each party to lock away funds for an amount of time. The product of funds and locktime is the collateral of the party, i.e., their cost of opportunity to forward a payment. In the case of HTLC, the locktime is linear to the length of the path, making the total collateral invested across the path quadratic in size of its length. Sprites improved on this by reducing the locktime to a constant by utilizing smart contracts. Atomic Multi-Channel Updates (AMCU), published at CCS’19, introduced constant collateral payments without smart contracts. In this work we present the Channel Closure attack on AMCU that allows a malicious adversary to make honest parties lose funds. Furthermore, we propose the Payment Trees protocol that allows payments across a PCN with linear total collateral without the aid of smart contracts; a competitive performance similar to Sprites, and yet compatible to Bitcoin. © 2021, International Financial Cryptography Association.";conference paper;scopus;New Protocol;Security;Other
70;2021;10.1007/978-3-662-64322-8_8;"Kappos G.; Yousaf H.; Piotrowska A.; Kanjalkar S.; Delgado-Segura S.; Miller A.; Meiklejohn S.";An Empirical Analysis of Privacy in the Lightning Network;Payment channel networks, and the Lightning Network in particular, seem to offer a solution to the lack of scalability and privacy offered by Bitcoin and other blockchain-based cryptocurrencies. Previous research has focused on the scalability, availability, and crypto-economics of the Lightning Network, but relatively little attention has been paid to exploring the level of privacy it achieves in practice. This paper presents a thorough analysis of the privacy offered by the Lightning Network, by presenting several attacks that exploit publicly available information about the network in order to learn information that is designed to be kept secret, such as how many coins a node has available or who the sender and recipient are in a payment routed through the network. © 2021, International Financial Cryptography Association.;conference paper;scopus;Analysis;Security;LN
71;2021;10.1109/SP40001.2021.00065;"Krishnan Thyagarajan S.A.; Malavolta G.";Lockable signatures for blockchains: Scriptless scripts for all signatures;Payment Channel Networks (PCNs) have given a huge boost to the scalability of blockchain-based cryptocurrencies: Beyond improving the transaction rate, PCNs enabled cheap cross-currency payments and atomic swaps. However, current PCNs proposals either heavily rely on special scripting features of the underlying blockchain (e.g. Hash Time Lock Contracts) or are tailored to a handful of digital signature schemes, such as Schnorr or ECDSA signatures. This leaves us in an unsatisfactory situation where many currencies that are being actively developed and use different signature schemes cannot enjoy the benefits of a PCN.In this work, we investigate whether we can construct PCNs assuming the minimal ability of a blockchain to verify a digital signature, for any signature scheme. In answering this question in the affirmative, we introduce the notion of lockable signatures, which constitutes the cornerstone of our PCN protocols. Our approach is generic and the PCN protocol is compatible with any digital signature scheme, thus inheriting all favorable properties of the underlying scheme that are not offered by Schnorr/ECDSA (e.g. aggregatable signatures or post-quantum security).While the usage of generic cryptographic machinery makes our generic protocol impractical, we view it as an important feasibility result as it may serve as the basis for constructing optimized protocols for specific signature schemes. To substantiate this claim, we design a highly efficient PCN protocol for the special case of Boneh-Lynn-Shacham (BLS) signatures. BLS signatures enjoy many unique features that make it a viable candidate for a blockchain, e.g. short, unique, and aggregatable signatures. Yet, prior to our work, no PCN was known to be compatible with it (without requiring an advanced scripting language). The cost of our PCN is dominated by a handful of calls to the BLS algorithms. Our concrete evaluation of these basic operations shows that users with commodity hardware can process payments with minimal overhead. © 2021 IEEE.;conference paper;scopus;New Protocol;Security;Other
72;2021;10.1007/978-3-662-64331-0_9;"Mizrahi A.; Zohar A.";Congestion Attacks in Payment Channel Networks;Payment channel networks provide a fast and scalable solution to relay funds, acting as a second layer to slower and less scalable blockchain protocols. In this paper, we present an accessible, low-cost attack in which the attacker paralyzes multiple payment network channels for several days. The attack is based on overloading channels with requests that are kept unresolved until their expiration time. Reaching the maximum allowed unresolved requests (HTLCs ) locks the channel for new payments. The attack is in fact inherent to the way off-chain networks are constructed, since limits on the number of unresolved payments are derived from limits on the blockchain. We consider three versions of the attack: one in which the attacker attempts to block as many high liquidity channels as possible, one in which it disconnects as many pairs of nodes as it can, and one in which it tries to isolate individual nodes from the network. We evaluate the costs of these attacks on Bitcoin’s Lightning Network and compare how changes in the network have affected the cost of attack. Specifically, we consider how recent changes to default parameters in each of the main Lightning implementations contribute to the attacks. Finally, we suggest mitigation techniques that make these attacks much harder to carry out. © 2021, International Financial Cryptography Association.;conference paper;scopus;Analysis;Security;LN
73;2021;10.1016/j.cose.2021.102291;"Mohanty S.K.; Tripathy S.";n-HTLC: Neo hashed time-Lock commitment to defend against wormhole attack in payment channel networks;In today's cryptocurrency, the Payment Channel Network (PCN) is noticed as one of the most gifted off-chain solutions for scalability issues. Besides this, it consumes lesser transaction fees and low transaction confirmation time. However, security and privacy issues need to be addressed appropriately to make the solution even more effective. Most of the existing HTLC (Hashed Time-Lock Contract) protocols revealed the sender's information to the intermediate users in the payment route. In this work, we propose an effective secure and privacy-preserving Payment Channel Network protocol, named Neo Hashed Time-Lock Commitment (n-HTLC) protocol. (n-HTLC) does not require the sender to send any information to each intermediate user along the payment route, thus preserves the identity of the sender. But, (n-HTLC) is not compatible with Sphinx onion packet format. Therefore, a symmetric key encryption-based protocol called kTLC has been proposed. kTLC is compatible with the Sphinx onion packet format, which is used in the current Lightning network atop of the Bitcoin blockchain network. The security of both n-HTLC and kTLC are proved using the Universal Composability (UC) framework. It is observed that both ensure that no attacker can extract information on the payment route if at least one of the users in the path is honest. To analyze the performance of both n-HTLC and kTLC payment protocol, we conduct experiments using the snapshots of Ripple network1, Lightning network2, and synthetic network of Mazumdar and Ruj (2020). Our experimental results show that both n-HTLC and kTLC outperform state-of-the-art off-chain payment protocols in terms of computational and communication overhead. © 2021 Elsevier Ltd;article;scopus;New Protocol;Security;LN
74;2021;10.1145/3465481.3465761;"Prabhu Kumble S.P.; Epema D.; Roos S.";How Lightning's Routing Diminishes its Anonymity;Lightning, the prevailing solution to Bitcoin's scalability issue, uses onion routing to hide senders and recipients of payments. Yet, the path between the sender and the recipient along which payments are routed is selected such that it is short, cost efficient, and fast. The low degree of randomness in the path selection entails that anonymity sets are small. However, quantifying the anonymity provided by Lightning is challenging due to the existence of multiple implementations that differ with regard to the path selection algorithm and exist in parallel within the network. In this paper, we propose a general method allowing a local internal attacker to determine sender and recipient anonymity sets. Based on an in-depth code review of three Lightning implementations, we analyze how an adversary can predict the sender and the recipient of a multi-hop transaction. Our simulations indicate that only one adversarial node on a payment path uniquely identifies at least one of sender and recipient for around 70% of the transactions observed by the adversary. Moreover, multiple colluding attackers can almost always identify sender and receiver uniquely. © 2021 Owner/Author.;conference paper;scopus;Analysis;Security;LN
75;2021;10.1109/ICBC51069.2021.9461123;"Rahimpour S.; Khabbazian M.";Hashcashed reputation with application in designing watchtowers;"We propose a novel reputation system to stimulate well-behaviour, and competition in online markets. Our reputation system is suited for markets where a publicly-verifiable ""proof-of-misbehaviour""can be generated when one party misbehaves. Such markets include those that provide blockchain services, such as monitoring services by watchtowers. Watchtowers are entities that watch the blockchain on behalf of their offline clients to protect the clients' interests in applications such as payment networks (e.g., the Lightning network).In practice, there may be no trust between clients and watchtowers, and it is challenging to incentivize watchtowers to well-behave (e.g., to refuse bribery). To showcase our reputation system, in this work, we create an open market of watchtowers, where watchtowers are motivated to not only deliver their promised service but also reduce their service fees in competition with each other.  © 2021 IEEE.";conference paper;scopus;New Protocol;Security;LN
76;2021;10.1007/978-3-662-64322-8_9;"Romiti M.; Victor F.; Moreno-Sanchez P.; Nordholt P.S.; Haslhofer B.; Maffei M.";Cross-Layer Deanonymization Methods in the Lightning Protocol;Bitcoin (BTC) pseudonyms (layer 1) can effectively be deanonymized using heuristic clustering techniques. However, while performing transactions off-chain (layer 2) in the Lightning Network (LN) seems to enhance privacy, a systematic analysis of the anonymity and privacy leakages due to the interaction between the two layers is missing. We present (Please, find the full version of this paper with appendix at https://arxiv.org/abs/2007.00764.) clustering heuristics that group BTC addresses, based on their interaction with the LN, as well as LN nodes, based on shared naming and hosting information. We also present linking heuristics that link 45.97 % of all LN nodes to 29.61 % BTC addresses interacting with the LN. These links allow us to attribute information (e.g., aliases, IP addresses) to 21.19 % of the BTC addresses contributing to their deanonymization. Further, these deanonymization results suggest that the security and privacy of LN payments are weaker than commonly believed, with LN users being at the mercy of as few as five actors that control 36 nodes and over 33 % of the total capacity. Overall, this is the first paper to present a method for linking LN nodes with BTC addresses across layers and to discuss privacy and security implications. © 2021, International Financial Cryptography Association.;conference paper;scopus;Analysis;Security;LN
77;2021;10.1016/j.comnet.2021.108346;"Wei G.; Mao X.; Lu R.; Shao J.; Guan Y.; Lu G.";Achieve space-efficient key management in lightning network;The low transaction throughput, high transaction latency, and unfriendly micropayment are the main obstacles hindering Bitcoin use in time-sensitive environments. To mitigate these problems, various solutions have been proposed. The lightning network (LN) is considered one of the most promising ones, and it has been widely deployed in different versions. However, the LN itself is subject to a scalability problem due to the used channel state revocation technique. It especially requires O(n̄) storage cost to store the private keys, where n̄ is the number of transactions that happened in the channel and expected to be infinite. Though there are some techniques to resolve this problem, none of them is compatible with the current Bitcoin system. Aiming at solving this dilemma, in this paper, we propose two space-efficient Bitcoin-compatible key management schemes for the LN, based on the hash function and trapdoor one-way function, respectively. Both schemes reduce the storage complexity from O(n̄) to O(1). The detailed security analysis shows that our schemes hold the security level of the original LN or its variants. The extensive experimental results demonstrate that our proposed schemes are efficient and feasible, with a significant reduction in storage overhead. © 2021;article;scopus;New Protocol;Security;LN
78;2021;10.1109/EuroSPW54576.2021.00046;"Weintraub B.; Nita-Rotaru C.";Structural Attacks on Local Routing in Payment Channel Networks;"Payment channel networks (PCN) enable scalable blockchain transactions without fundamentally changing the underlying distributed ledger algorithm. However, routing a payment via multiple channels in a PCN requires locking collateral for potentially long periods of time. Adversaries can abuse this mechanism to conduct denial-of-service attacks. Previous work focused on source routing, which is unlikely to remain a viable routing approach as these networks grow. In this work, we examine the effectiveness of attacks in PCNs that use routing algorithms based on local knowledge, where compromised intermediate nodes can delay or drop transactions to create denial-of-service. We focus on SpeedyMurmurs as a representative of such protocols. We identify two attacker node selection strategies; one based on the position in the routing tree, and the other on between-ness centrality. Our simulation-driven study shows that while they are both effective, the centrality-based attack approaches near-optimal effectiveness. We also show that the attacks are ineffective in less centralized networks and discuss incentives for the participants in PCNs to create less centralized topologies through the payment channels they establish among themselves. © 2021 IEEE.";conference paper;scopus;Analysis;Security;LN
79;2021;10.1007/978-3-030-85928-2_13;"Zhao Z.; Ge C.; Zhou L.; Wang H.";Fully Discover the Balance of Lightning Network Payment Channels;The Lightning Network is a payment channel network that runs on top of Bitcoin. It is an open network, in which anyone with a computing device capable of connecting to the Internet can participate. Every participant is referred as a node. The direct link between two nodes is called a payment channel. Two nodes connected by the payment channel can conduct transactions, even in parallel. If two nodes without connecting directly a payment channel want to trade, the sender needs to start the route discovery algorithm to find a payment path connecting the sender and the receiver. The route discovery algorithm is based on the channel capacity, and the ip address of the node is public. To protect the privacy of users, the specific distribution of balances in the channel is confidential. The channel capacity is public and has been determined at the beginning of the channel establishment. The balance is private and has been dynamically changing, which brings challenges to the routing discovery algorithm. A channel balance disclosure attack was proposed to reveal the channel balance of most channels in the network. In this paper, we propose an enhanced channel balance disclosure attack that can reveal the balance of any channel in the network. We utilize a payment channel that can contain multiple outstanding parallel transactions at the same time to break the limit of the maximum value of a single transaction, thereby revealing the user’s precise balance. We explore countermeasures against enhanced balance disclosure attacks. © 2021, Springer Nature Switzerland AG.;conference paper;scopus;Modified Protocol;Security;LN
80;2021;10.1109/DSC49826.2021.9346275;"Zhao Z.; Zhou L.; Su C.";Systematic Research on Technology and Challenges of Lightning Network;The Lightning Network is a second layer payment protocol built on the Bitcoin network. Since the lightning network enables off-chain transactions, it improves the throughput of the Bitcoin platform and thus extends the scalability of the Bitcoin network. There have been many security, privacy and robustness problems occurred in the Lightning Network. Though there have been some works researched on these problems. It is still unclear what types of attack the Lightning network is facing and why these attacks occurred. In this work, We provide a systematic exposition of the Lightning network in terms of properties, security and privacy issues. We first present a detailed technical point of the Lightning Network to enable a more insightful analysis of Lightning Network's operating mechanism and find out the existing problems of the Lightning Network. Additionally, we analyze the security, privacy and robustness issues of the Lightning Network. Finally, we list the existing solutions and propose some possible solutions to the above mentioned issues.  © 2021 IEEE.;conference paper;scopus;Analysis;Security;LN
81;2022;10.3233/FAIA220250;"Amin M.F.I.; Watanobe Y.; Rahman M.M.; Kabir R.";Watchtower Selection in Off-Blockchain PCN Using Peterson Leader-Election Algorithm;Despite the incredible adoption of cryptocurrencies, blockchain-based cryptocurrencies have likewise raised some concerns. The scalability problem is the major one among them. An off-blockchain payment channel network (PCN) has been introduced to solve this issue. PCN can fundamentally reduce blockchain scalability by constructing a number of payment channels between the nodes and without committing every single transaction to the blockchain. But as a matter of fact, there has an unwanted assumption in PCN that channel participants must remain online and follow blockchain updates, for the synchronization with blockchain to protect the channel against deception. To mitigate this issue 'Watchtower' concept has been proposed. Watchtower is a watching service and always stays online that a channel participant can hire it by offering incentives for monitoring the channel and checking blockchain updates consistently to prevent fraud on behalf of the hiring party. However, watchtower may be more beneficial by cooperating with the cheating counterparty and neglecting to perform the watching service properly. The efficiency drawback can occur for that. In this work, we have been motivated by this issue and tried to find out an effective and reliable watchtower for the channel watching service from multiple watchtower nodes or candidates in the PCN. In particular, we have been approached by using the distributed Peterson Leader-Election Algorithm to find the best watchtower among multiple of them where the more successfully performed work node or candidate will be selected for the channel monitoring job. We also have provided a detailed step-by-step process of the algorithm including experiments and illustrations for employing watchtower among multiple of them.  © 2022 The authors and IOS Press. All rights reserved.;conference paper;scopus;New Protocol;Security;Other
82;2022;10.1145/3548606.3559370;"Aumayr L.; Thyagarajan S.A.; Malavolta G.; Moreno-Sanchez P.; Maffei M.";Sleepy Channels: Bi-directional Payment Channels without Watchtowers;Payment channels (PC) are a promising solution to the scalability issue of cryptocurrencies, allowing users to perform the bulk of the transactions off-chain without needing to post everything on the blockchain. Many PC proposals however, suffer from a severe limitation: Both parties need to constantly monitor the blockchain to ensure that the other party did not post an outdated transaction. If this event happens, the honest party needs to react promptly and engage in a punishment procedure. This means that prolonged absence periods (e.g., a power outage) may be exploited by malicious users. As a mitigation, the community has introduced watchtowers, a third-party monitoring the blockchain on behalf of off-line users. Unfortunately, watchtowers are either trusted, which is critical from a security perspective, or they have to lock a certain amount of coins, called collateral, for each monitored PC in order to be held accountable, which is financially infeasible for a large network. We present Sleepy Channels, the first bi-directional PC protocol without watchtowers (or any other third party) that supports an unbounded number of payments and does not require parties to be persistently online. The key idea is to confine the period in which PC updates can be validated on-chain to a short, pre-determined time window, which is when the PC parties have to be online. This behavior is incentivized by letting the parties lock a collateral in the PC, which can be adjusted depending on their mutual trust and which they get back much sooner if they are online during this time window. Our protocol is compatible with any blockchain that is capable of verifying digital signatures (e.g., Bitcoin), as shown by our proof of concept. Moreover, our experimental results show that Sleepy Channels impose a communication and computation overhead similar to state-of-the-art PC protocols while removing watchtower's collateral and fees for the monitoring service. © 2022 Owner/Author.;conference paper;scopus;New Protocol;Security;LN
83;2022;10.1007/978-3-031-18283-9_24;"Avarikioti Z.; Thyfronitis Litos O.S.";Suborn Channels: Incentives Against Timelock Bribes;As the Bitcoin mining landscape becomes more competitive, analyzing potential attacks under the assumption of rational miners becomes increasingly relevant. In the rational setting, blockchain users can bribe miners to reap an unfair benefit. Established protocols such as Duplex Micropayment Channels and Lightning Channels are susceptible to bribery, which upends their financial guarantees. Indeed, we prove that in a two-party contract in which the honest party can spend an output right away, whereas the malicious can only spend the same output after a timelock, the latter party can promise a high fee to the miners, who then intentionally ignore the transaction of the honest party in anticipation of the higher fee. This effectively prevents a valid transaction from ever entering the blockchain, resulting in potentially severe financial losses for the honest and considerable gains for the malicious party. We expand previous results on timelock bribes to more realistic blockchains, proving that a general class of contracts are susceptible. We then apply our results to Duplex Micropayment Channels and Lightning Channels, providing exact bounds on their safe operating region. Furthermore, we enhance the Bitcoin Script of Duplex Micropayment Channels so that the coins of a party that attempts to bribe are given to the miners as fees, therefore effectively disincentivizing bribes. Our solution, named Suborn channels, is implemented as a proof-of-concept. We also propose a small change to Lightning Channels that achieves a similar effect. Moreover, we formally express the exact circumstances under which our two proposals ensure alignment of miner incentives with the prescribed protocol outcome. © 2022, International Financial Cryptography Association.;conference paper;scopus;Modified Protocol;Security;Other
84;2022;10.1007/978-3-031-18283-9_16;"Biryukov A.; Naumenko G.; Tikhomirov S.";Analysis and Probing of Parallel Channels in the Lightning Network;Bitcoin can process only a few transactions per second, which is insufficient for a global payment network. The Lightning Network (LN) aims to address this challenge. The LN allows for low-latency bitcoin transfers through a network of payment channels. In contrast to regular Bitcoin transactions, payments in the LN are not globally broadcast. Thus it may improve not only Bitcoin’s scalability but also privacy. However, the probing attack allows an adversary to discover channel balances, threatening users’ privacy. Prior work on probing did not account for the possibility of multiple (parallel) channels between two nodes. Naive probing algorithms yield false results for parallel channels. In this work, we develop a new probing model that accurately accounts for parallel channels. We describe jamming-enhanced probing that allows for full balance information extraction in multi-channel hops, which was impossible with earlier probing methods. We quantify the attacker’s information gain and propose an optimized algorithm for choosing probe amounts for multi-channel hops. We demonstrate its efficiency based on real-world data using our own probing-focused LN simulator. Finally, we discuss countermeasures such as new forwarding strategies, intra-hop payment split, rebalancing, and unannounced channels. © 2022, International Financial Cryptography Association.;conference paper;scopus;Analysis;Security;LN
85;2022;10.1007/978-3-031-09234-3_37;"Dong Y.; Goldberg I.; Gorbunov S.; Boutaba R.";Astrape: Anonymous Payment Channels with Boring Cryptography;The increasing use of blockchain-based cryptocurrencies like Bitcoin has run into inherent scalability limitations of blockchains. Payment channel networks, or PCNs, promise to greatly increase scalability by conducting the vast majority of transactions outside the blockchain while leveraging it as a final settlement protocol. Unfortunately, first-generation PCNs have significant privacy flaws. In particular, even though transactions are conducted off-chain, anonymity guarantees are very weak. In this work, we present Astrape, a novel PCN construction that achieves strong security and anonymity guarantees with simple, black-box cryptography, given a blockchain with flexible scripting. Existing anonymous PCN constructions often integrate with specific, often custom-designed, cryptographic constructions. But at a slight cost to asymptotic performance, Astrape can use any generic public-key signature scheme and any secure hash function, modeled as a random oracle, to achieve strong anonymity, by using a unique construction reminiscent of onion routing. This allows Astrape to achieve provable security that is “generic” over the computational hardness assumptions of the underlying primitives. Astrape’s simple cryptography also lends itself to more straightforward security proofs compared to existing systems. Furthermore, we evaluate Astrape’s performance, including that of a concrete implementation on the Bitcoin Cash blockchain. We show that despite worse theoretical time complexity compared to state-of-the-art systems that use custom cryptography, Astrape operations on average have a very competitive performance of less than 10 ms of computation and 1 KB of communication on commodity hardware. Astrape explores a new avenue to secure and anonymous PCNs that achieves similar or better performance compared to existing solutions. © 2022, Springer Nature Switzerland AG.;conference paper;scopus;New Protocol;Security;LN
86;2022;;"Dotan M.; Tochner S.; Zohar A.; Gilad Y.";Twilight: A Differentially Private Payment Channel Network;Payment channel networks (PCNs) provide a faster and cheaper alternative to transactions recorded on the blockchain. Clients can trustlessly establish payment channels with relays by locking coins and then send signed payments that shift coin balances over the network's channels. Although payments are never published, anyone can track a client's payment by monitoring changes in coin balances over the network's channels [23, 31]. We present Twilight, the first PCN that provides a rigorous differential privacy guarantee to its users. Relays in Twilight run a noisy payment processing mechanism that hides the payments they carry. This mechanism increases the relay's cost, so Twilight combats selfish relays that wish to avoid it using a trusted execution environment (TEE) that ensures they follow its protocol. The TEE does not store the channel's state, which minimizes the trusted computing base. Crucially, Twilight ensures that even if a relay breaks the TEE's security, it cannot break the integrity of the PCN. We analyze Twilight in terms of privacy and cost and study the trade-off between them. We implement Twilight using Intel's SGX framework and evaluate its performance using relays deployed on two continents. We show that a route consisting of 4 relays handles 820 payments/sec. © USENIX Security Symposium, Security 2022.All rights reserved.;conference paper;scopus;New Protocol;Security;Other
87;2022;10.1109/JSAC.2022.3213355;"Du M.; Yang P.; Tian W.; Han Z.";Anti-Collusion Multiparty Smart Contracts for Distributed Watchtowers in Payment Channel Networks;"Leveraging watchtowers to monitor payment channel networks (PCNs) is regarded to be a promising option to ensure off-chain transaction security and boost cryptocurrency scalability. However, existing solutions have two major limitations: First, since the watchtower's inaction or collusion with counterparties, the deposits in off-chain transactions will be threatened; Second, due to occasional false positives, the efficiency of the single watchtower in monitoring the payment channels for fraud is questionable. To solve this, we present anti-collusion multiparty smart contracts for distributed watchtowers in PCNs. Specifically, we first design the distributed watchtower mechanism to solve the false positive problem in regulating PCNs. In addition, we utilize smart contracts to constrain and force counterparties to relinquish collusion in the distributed watchtower mechanism, thus making collusion impossible for rational parties. We further offer a mathematical proof and contract implementation in Solidity. Finally, extensive experiments and contracts executed on Ethereum under various benchmarks with baseline comparison demonstrate the validity of our proposals. Specifically, our scheme can both improve the throughput and accuracy by up to 20-25% and 10-15%, respectively, and reduce the false positive rate by up to 10% compared with existing single watchtower mechanism.  © 1983-2012 IEEE.";article;scopus;New Protocol;Security;Other
88;2022;10.48550/arXiv.2207.11615;Ersoy, O., Kumble, S.P., Decouchant, J., Roos, S.;SyncPCN/PSyncPCN: Payment Channel Networks without Blockchain Synchrony;Payment channel networks (PCNs) enhance the scalability of blockchains by allowing parties to conduct transactions off-chain, i.e, without broadcasting every transaction to all blockchain participants. To conduct transactions, a sender and a receiver can either establish a direct payment channel with a funding blockchain transaction or leverage existing channels in a multi-hop payment. The security of PCNs usually relies on the synchrony of the underlying blockchain, i.e., evidence of misbehavior needs to be published on the blockchain within a time limit. Alternative payment channel proposals that do not require blockchain synchrony rely on quorum certificates and use a committee to register the transactions of a channel. However, these proposals do not support multi-hop payments, a limitation we aim to overcome. In this paper, we demonstrate that it is in fact impossible to design a multi-hop payment protocol with both network asynchrony and faulty channels, i.e., channels that may not correctly follow the protocol. We then detail two committee-based multi-hop payment protocols that respectively assume synchronous communications and possibly faulty channels, or asynchronous communication and correct channels. The first protocol relies on possibly faulty committees instead of the blockchain to resolve channel disputes, and enforces privacy properties within a synchronous network. The second one relies on committees that contain at most f faulty members out of 3f +1 and successively delegate to each other the role of eventually completing a multi-hop payment. We show that both protocols satisfy the security requirements of a multi-hop payment and compare their communication complexity and latency.;preprint;arxiv;New Protocol;Security;LN
89;2022;10.1007/978-3-031-23020-2_31;"Liu M.; Au M.H.";Practical Anonymous Multi-hop Locks for Lightning Network Compatible Payment Channel Networks;"Bitcoin, among other blockchain-based cryptocurrencies, has become increasingly popular. The expensive consensus process, however, severely limits the throughput of these systems. Allowing majority of the payment transactions to be settled off-chain, Payment channels (PC) have become a promising approach to address the scalability problem. Payment channel network (PCN) enables the payment between two users who do not have a direct PC through multi-hop payment across several payment channels. Lightning Network (LN), which handles around one trillion transactions per day, is the most well-known PCN deployed in practice. Improving the security and privacy of payment via PCN is an active research area. Recently, Malavolta et al. formalised a new cryptographic primitive known as anonymous multi-hop locks (AMHL) and demonstrated how it can be used to build a secure and privacy-preserving PCN. In this paper, we give a new construction of AMHL with the following features: (1) LN-compatible, i.e., it can be deployed into LN seamlessly; (2) secure in the universal composable framework; (3) highly efficient. Using our AMHL, a multi-hop payment with 5 users requires only 1458 bytes of off-chain communication. It compares favorably to state-of-the-art LN-compatible solutions, e.g., Fulgor and AMHL based on ECDSA, which requires 5 MB and 1.8 MB respectively. Furthermore, our solution is round-efficient. Specifically, the sender only needs to send one message to each node along the payment route. © 2022, The Author(s), under exclusive license to Springer Nature Switzerland AG.";conference paper;scopus;Modified Protocol;Security;LN
90;2022;10.1007/978-3-031-22390-7_15;"Mirzaei A.; Sakzad A.; Yu J.; Steinfeld R.";Daric: A Storage Efficient Payment Channel with Punishment Mechanism;Lightning Network (LN), the most widely deployed payment channel for Bitcoin, requires channel parties to generate and store distinct revocation keys for all n payments of a channel to resolve fraudulent channel closures. To reduce the required storage in a payment channel, eltoo introduces a new signature type for Bitcoin to enable payment versioning. This allows a channel party to revoke all old payments by using a payment with a higher version number, reducing the storage complexity from O(n) to O(1 ). However, eltoo fails to achieve bounded closure, enabling a dishonest channel party to significantly delay the channel closure process. Eltoo also lacks a punishment mechanism, which may incentivize profit-driven channel parties to close a payment channel with an old state, to their own advantage. This paper introduces Daric, a payment channel with unlimited lifetime for Bitcoin that achieves optimal storage and bounded closure. Moreover, Daric implements a punishment mechanism and simultaneously avoids the methods other schemes commonly use to enable punishment: 1) state duplication which leads to exponential increase in the number of transactions with the number of applications on top of each other or 2) dedicated design of adaptor signatures which introduces compatibility issues with BLS or most post-quantum resistant digital signatures. We also formalise Daric and prove its security in the Universal Composability model. © 2022, The Author(s), under exclusive license to Springer Nature Switzerland AG.;conference paper;scopus;New Protocol;Security;LN
91;2022;10.1007/978-3-030-94900-6_1;"Nisslmueller U.; Foerster K.-T.; Schmid S.; Decker C.";Inferring Sensitive Information in Cryptocurrency Off-Chain Networks Using Probing and Timing Attacks;Off-chain networks have recently emerged as a scalable solution for blockchains, allowing to increase the overall transaction throughput by reducing the number of transactions on the blockchain. However, off-chain networks typically require additional bootstrapping and route discovery functionality to determine viable routes. For example, the Lightning Network (LN) uses two mechanisms in conjunction: gossiping and probing. This paper shows that these mechanisms introduce novel vulnerabilities. In particular, we present two attacks. The first one, which we shall call a probing attack, enables an adversary to determine the (hidden) balance of a channel or route through active probing and differentiating the response messages from the route participants. The second one, which we shall call a timing attack, enables the adversary to determine the logical distance to the target in hops, given that geographical data of LN nodes is often publicly listed, or can be inferred from allocated IP addresses. We explore the setup and implementation of these attacks and address both the theoretical and practical limitations these attacks are subject to. Finally, we propose possible remediations and offer directions for further research on this topic. © 2022, Springer Nature Switzerland AG.;conference paper;scopus;Analysis;Security;LN
92;2022;10.1109/FNWF55208.2022.00107;Pagani A.;QUIC Bitcoin: Fast and Secure Peer-to-Peer Payments and Payment Channels;Blockchain technologies allow for records to be publicly secured, without the need of a trusted authority. The Bitcoin white paper introduced blockchain technology in 2008, and Bitcoin is currently the most widely adopted protocol for this type of technology. One of the most common use-cases for Bitcoin is to use the underlying data structure as a public ledger for an electronic cash system. Using this public ledger, Bitcoin protocol allows direct transfer of value between peers (users or machines). The transfer of value occurs via transactions published on the ledger. Alternatively, transactions can be exchanged directly, peer-to-peer, and published on the ledger at a later stage. The latter approach improves transfer speed and system efficiency (e.g. bandwidth and data storage). Due to its vulnerability to man-in-the-middle attacks, however, the direct exchange of unpublished transactions was abandoned in the early days. In this paper, we propose a new method to send and receive unpublished Bitcoin transactions (i.e. peer-to-peer) using a recently introduced network protocol called QUIC, an alternative to TCP. QUIC allows for fast handshakes, secure and authenticated sessions, and it supports network switches (e.g. Wi-Fi to 5G). Using this protocol, we introduce a new type of peer-to-peer Bitcoin transactions, called QUIC Bitcoin Transactions. QUIC Bitcoin Transactions provide a secure and fast way to exchange unpublished transactions between users and machines. Finally, we introduce QUIC Bitcoin Channels, fast and encrypted Bitcoin payment channels. QUIC Bitcoin Transactions and QUIC Bitcoin Channels guarantee secure and encrypted peer-to-peer transactions, and they can be widely adopted without new hardware requirements, as they are implemented in TCP/IP application space.  © 2022 IEEE.;conference paper;scopus;Modified Protocol;Security;Other
93;2022;10.1007/s11390-022-2032-x;"Qin Y.; Hu Q.; Yu D.-X.; Cheng X.-Z.";Generous or Selfish? Weighing Transaction Forwarding Against Malicious Attacks in Payment Channel Networks;Scalability has long been a major challenge of cryptocurrency systems, which is mainly caused by the delay in reaching consensus when processing transactions on-chain. As an effective mitigation approach, the payment channel networks (PCNs) enable private channels among blockchain nodes to process transactions off-chain, relieving long-time waiting for the online transaction confirmation. The state-of-the-art studies of PCN focus on improving the efficiency and availability via optimizing routing, scheduling, and initial deposits, as well as preventing the system from security and privacy attacks. However, the behavioral decision dynamics of blockchain nodes under potential malicious attacks is largely neglected. To fill this gap, we employ the game theory to study the characteristics of channel interactions from both the micro and macro perspectives under the situation of channel depletion attacks. Our study is progressive, as we conduct the game-theoretic analysis of node behavioral characteristics from individuals to the whole population of PCN. Our analysis is complementary, since we utilize not only the classic game theory with the complete rationality assumption, but also the evolutionary game theory considering the limited rationality of players to portray the evolution of PCN. The results of numerous simulation experiments verify the effectiveness of our analysis. © 2022, Institute of Computing Technology, Chinese Academy of Sciences.;article;scopus;Analysis;Security;Other
94;2022;10.1109/INDICON56171.2022.10039895;"Sahoo S.S.; Mohan Hosmane M.; Menon A.R.; Kumar Chaurasiya V.";Ethereum Compatible Faster Atomic Payment Splitting Network;The major challenge is the scalability issue, which the second layer of blockchain must solve. But the transfer of micro-payment creates another problem: node idleness due to the insufficient channel balance. So that we aim to implement an atomic payment splitting network using the ethereum blockchain, which can transfer the micro-payments quickly in different paths from sender to receiver. It is the first Ethereum-based atomic payment splitting model. This model works faster than other Bitcoin-based models, and smart contracts make it easier with the help of random seeds. Again the payment splitting decreases the node idleness. The significant challenges in Bitcoin lightning-based networks are intermediary insecurity and flood, and loot attack is not happening in our system that of the random seed and smart contracts. Our resultant model guarantees that the honest intermediaries have not lost funds, and the payment split network is not a failure after the path confirmation. Using negative acknowledgment also ensures the payment's failure in the model's initial phase. The final payment confirmation happens only by receiving all the unique seeds within the time. The proposed model has been analyzed with different existing models, and the success ratio is better. © 2022 IEEE.;conference paper;scopus;New Protocol;Security;LN
95;2022;10.1109/ICDCS54860.2022.00035;"Sui Z.; Liu J.K.; Yu J.; Qin X.";MoNet: A Fast Payment Channel Network for Scriptless Cryptocurrency Monero;We propose MoNet, the first bi-directional payment channel network with unlimited lifetime for Monero. It is fully compatible with Monero without requiring any modification of the current Monero blockchain. MoNet preserves transaction fungibility, i.e., transactions over MoNet and Monero are indistinguishable, and guarantees anonymity of Monero and MoNet users by avoiding any potential privacy leakage introduced by the new payment channel network. We also propose a new crypto primitive, named Verifiable Consecutive One-way Function (VCOF). It allows one to generate a sequence of statement-witness pairs in a consecutive and verifiable way, and these statement-witness pairs are one-way, namely it is easy to compute a statement-witness pair by knowing any of the pre-generated pairs, but hard in an opposite flow. By using VCOF, a signer can produce a series of consecutive adaptor signatures CAS. We further propose the generic construction of consecutive adaptor signature as an important building block of MoNet. We develop a proof-of-concept implementation for MoNet, and our evaluation shows that MoNet can reach the same transaction throughput as Lightning Network, the payment channel network for Bitcoin. Moreover, we provide a security analysis of MoNet under the Universal Composable (UC) security framework.  © 2022 IEEE.;conference paper;scopus;Modified Protocol;Security;LN
96;2022;10.48550/arXiv.2205.11597;Tiwari, S., Yeo, M., Avarikioti, Z., ...Pietrzak, K., Schmid, S.;Wiser: Increasing Throughput in Payment Channel Networks with Transaction Aggregation;Payment channel networks (PCNs) are one of the most prominent solutions to the limited transaction throughput of blockchains. Nevertheless, PCNs suffer themselves from a throughput limitation due to the capital constraints of their channels. A similar dependence on high capital is also found in inter-bank payment settlements, where the so-called netting technique is used to mitigate liquidity demands. In this work, we alleviate this limitation by introducing the notion of transaction aggregation: instead of executing transactions sequentially through a PCN, we enable senders to aggregate multiple transactions and execute them simultaneously to benefit from several amounts that may “cancel out”. Two direct advantages of our proposal is the decrease in intermediary fees paid by senders as well as the obfuscation of the transaction data from the intermediaries. We formulate the transaction aggregation as a computational problem, a generalization of the Bank Clearing Problem. We present a generic framework for the transaction aggregation execution, and thereafter we propose WISER as an implementation of this framework in a specific hub-based setting. To overcome the NP-hardness of the transaction aggregation problem, in WISER we propose a fixed-parameter linear algorithm for a special case of transaction aggregation as well as the Bank Clearing Problem. WISER can also be seen as a modern variant of the Hawala money transfer system, as well as a decentralized implementation of the overseas remittance service of Wise.;preprint;arxiv;New Protocol;Security;Other
97;2022;10.1016/j.cose.2022.102623;"van Dam G.; Abdul Kadir R.";Hiding payments in lightning network with approximate differentially private payment channels;Payment Channel Networks (PCN) form a class of techniques created to solve the scalability problems that permissionless blockchains such as Bitcoin face. The Lightning Network (LN) is the biggest PCN to date. As of September 2021, LN is an interconnected network with 27 thousand nodes and 71 thousand channels, representing a total payment capacity of 2500 bitcoins (114M USD). LN nodes establish trustless payment channels by locking funds in a funding transaction. The distribution of the funds can be modified with near-instant transactions without broadcasting them to the blockchain. By chaining channels together, it is possible for two nodes to transact without having a direct channel between them. This results in far fewer transactions needing to be broadcast and a theoretical number of off-chain transactions per second that can rival established, centralized payment systems. With off-chain transactions one can obtain more privacy than with on-chain transaction: individual payments through LN should be able to stay private. However, recent research suggests that this is not the case. Several works have shown that channel balances can be tracked with the Balance Discovery Attack (BDA). Monitoring the changes in channel balances over time enables an adversary to track individual payments in LN. Since payments can travel through channels outside the scope of influence of the payer or the payee, these BDA's form an Interdependent Privacy (IDP) risk for the participants of the LN network. This work applies approximate differential privacy to hide payment amounts of a realistic size in LN. To our knowledge, this is the first time that strong privacy guarantees in the sense of approximate differential privacy are achieved in the setting of LN. We prove the feasibility with our prototype, compatible with LN today. Our solution is evaluated in terms of cost and utility and we show that the latter is not affected by our solution. © 2022 Elsevier Ltd;article;scopus;Analysis;Security;LN
98;2022;10.1109/TNSM.2022.3213559;"Wang Q.; Zhang Y.; Bao Z.; Shi W.; Lei H.; Liu H.; Chen B.";SorTEE: Service-Oriented Routing for Payment Channel Networks With Scalability and Privacy Protection;Payment channel networks (PCNs) are emerged as the most widely deployed solution to mitigate the scalability problem of permissionless cryptocurrencies, allowing vast payments to be carried out off-chain. Routing, which finds feasible paths between the senders and receivers, is critical for PCNs. However, existing solutions either fail to achieve high scalability that can maintain low storage/computation/network communication overhead, or they are susceptible to privacy disclosure. In this paper, we propose SorTEE, a service-oriented routing solution for PCNs, which adopts a set of service nodes to alleviate the per-user burden of routing and achieves more comprehensive privacy guarantees than the state-of-the-art by leveraging trusted execution environments (TEEs). SorTEE demands users communicate with the TEE by the secure channel to protect the privacy of transaction value. Then, an oblivious path mechanism is designed to construct redundant paths with the pseudo senders and receivers generated by TEEs to confuse its untrusted controller. Further, we report a novel attack that allows malicious service nodes to drop the valid paths for profit, and design a feedback mechanism to relieve it. Moreover, SorTEE hides the identities of the senders/receivers for the intermediate nodes of payment paths by introducing a novel identity information transfer scheme called encrypted identity chain. Based on security analysis and performance evaluation, our results demonstrate that SorTEE is able to achieve sufficient privacy-preserving payment and low per-user overhead.  © 2004-2012 IEEE.;article;scopus;New Protocol;Security;LN
99;2022;10.1109/ICC45855.2022.9839015;"Zhang Q.; Cao S.; Ni Y.; Chen T.; Zhang X.";Enabling Privacy-Preserving Off-chain Payment via Hybrid Multi-hop Mechanism;The adoption of cryptocurrency based on blockchain technology has grown to an unprecedented level. As an off-chain scaling fashion, payment channel network (PCN) is used to fulfill cryptocurrency transfer conveniently for different users. However, current PCNs cannot guarantee the identity privacy of nodes on channels partly due to various off-chain channel-based threats by wormhole attack. This paper proposes a hybrid multi-hop mechanism, including PCN, onion routing and sidechain to ensure the privacy-preserving off-chain payment. First, we overlay the onion routing on PCN to realize identity anonymity of each node. Then we divide the payment fund into two parts: the transfer amount and fees for intermediate nodes. We apply sidechain to lock the intermediate fees by smart contract to prevent the intermediate fees from being stolen by malicious nodes using wormhole attack. Security analysis and performance evaluation show that our mechanism can effectively improve the identity privacy and transaction security of off-chain payments by reducing computational latency. © 2022 IEEE.;conference paper;scopus;New Protocol;Security;LN
100;2023;10.3390/sym15061273;"Abdullah A.; Mutawa A.M.";An Invitation Model Protocol (IMP) for the Bitcoin Asymmetric Lightning Network;"The Lightning Network (LN), a second-layer protocol built atop Bitcoin, promises swift, low-cost transactions, thereby addressing blockchain scalability and enhancing user privacy. As the global financial technology landscape evolves, the LN’s importance in the future of fintech and the Fourth Industrial Revolution (4IR) becomes increasingly pivotal. The anticipated rise of blockchain-based payments and smart contracts in businesses demands a more agile and secure payment system. However, the LN’s early stage raises valid concerns about security and reliability, especially when implemented on a huge asymmetric network such as the Internet, potentially hindering its broader adoption. Malicious nodes could intentionally cause payment failures or initiate attacks, such as DDoS attacks, by overwhelming other nodes in the network with channel-opening requests. As a result, users will be discouraged from using the LN; hence, the technology will become obsolete as individuals will not waste the time and power investment required for using this technology. Addressing these issues, this paper proposes an innovative invitation model protocol (IMP) to reinforce the LN’s security and reliability. The IMP creates an exclusive ‘Club’ within the LN, admitting only nodes verified as honest, thereby bolstering network security and reliability. The protocol empowers Club Founders to expel members exhibiting malicious activities, thereby preserving the invested time, energy, and funds of the network’s users. The IMP was rigorously tested using Amazon Web Services Virtual Machines within the Bitcoin and Lightning Network’s Testnet environment, which is a highly asymmetric network. The results demonstrated the protocol’s efficacy in fulfilling its objectives, marking a significant step towards a safer and more efficient blockchain transaction network. As the blockchain continues to revolutionize the financial sector, implementing robust security measures such as the IMP becomes essential. This research paper introduces a novel approach to enhancing the reliability and security of a Lightning Network (LN), and thus distinguishes itself from the existing literature, by introducing an additional step before establishing or joining such a network. The research underscores the critical role of such protocols in realizing the potential of the LN in powering the next wave of fintech and industrial innovation. © 2023 by the authors.";article;scopus;New Protocol;Security;LN
101;2023;10.4230/LIPIcs.AFT.2023.17;"Dziembowski S.; Kędzior P.";Non-Atomic Payment Splitting in Channel Networks;"Off-chain channel networks are one of the most promising technologies for dealing with blockchain scalability and delayed finality issues. Parties connected within such networks can send coins to each other without interacting with the blockchain. Moreover, these payments can be “routed” over the network. Thanks to this, even the parties that do not have a channel in common can perform payments between each other with the help of intermediaries. In this paper, we introduce a new notion that we call Non-Atomic Payment Splitting (NAPS) protocols that allow the intermediaries in the network to split the payments recursively into several subpayments in such a way that the payment can be successful “partially” (i.e. not all the requested amount may be transferred). This contrasts with the existing splitting techniques that are “atomic” in that they did not allow such partial payments (we compare the “atomic” and “non-atomic” approaches in the paper). We define NAPS formally and then present a protocol that we call “EthNA”, that satisfies this definition. EthNA is based on very simple and efficient cryptographic tools; in particular, it does not use expensive cryptographic primitives. We implement a simple variant of EthNA in Solidity and provide some benchmarks. We also report on some experiments with routing using EthNA. © Stefan Dziembowski and Paweł Kędzior; licensed under Creative Commons License CC-BY 4.0.";conference paper;scopus;New Protocol;Security;LN
102;2023;10.48550/arXiv.2307.02342;Grundmann, M., Hartenstein, H.;Towards a Formal Verification of the Lightning Network with TLA+;Payment channel networks are an approach to improve the scalability of blockchain-based cryptocurrencies. Because payment channel networks are used for transfer of financial value, their security in the presence of adversarial participants should be verified formally. We formalize the protocol of the Lightning Network, a payment channel network built for Bitcoin, and show that the protocol fulfills the expected security properties. As the state space of a specification consisting of multiple participants is too large for model checking, we formalize intermediate specifications and use a chain of refinements to validate the security properties where each refinement is justified either by model checking or by a pen-and-paper proof.;preprint;arxiv;New Protocol;Security;LN
103;2023;10.1109/TC.2023.3288765;"Guo Y.; Xu M.; Yu D.; Yu Y.; Ranjan R.; Cheng X.";Cross-Channel: Scalable Off-Chain Channels Supporting Fair and Atomic Cross-Chain Operations;Cross-chain technology facilitates the interoperability among isolated blockchains on which users can freely communicate and transfer values. Existing cross-chain protocols suffer from the scalability problem when processing on-chain transactions. Off-chain channel, as a promising blockchain scaling technique, can enable micro-payment transactions without involving on-chain transaction settlement. However, existing channel schemes can only be applied to operations within a single blockchain, failing to support cross-chain services. Therefore in this paper, we propose Cross Cross- Channel Channel, the first off-chain channel to support cross-chain services. We introduce a novel hierarchical channel structure with a hierarchical interaction protocol, a new hierarchical settlement protocol, and a smart general fair exchange protocol, to ensure scalability, fairness, and atomicity of cross-chain interactions. Besides, Cross Cross- Channel Channel provides strong security and practicality by avoiding high latency in asynchronous networks.Through a 50-instance deployment of Cross Cross- Channel Channel on AliCloud, we demonstrate that Cross Cross- Channel Channel is well-suited for processing cross-chain transactions in high-frequency and large-scale, and brings a significantly enhanced throughput with a small amount of gas and delay overhead.  © 1968-2012 IEEE.;article;scopus;Modified Protocol;Security;Other
104;2023;10.1109/CNS59707.2023.10289033;"Khalil A.A.; Rahman M.A.";SHIP: Securing Hashed Timelock Contracts in Payment Channel Networks;Off-chain solutions in blockchain address the scalability issue by moving and executing transactions off the main chain, speeding up processing, and reducing fees. However, they introduce unique cybersecurity challenges, specific to each protocol's implementation. Payment Channel Networks (PCNs), one of the prominent off-chain solutions, suffer from such a cyber attack (called FAKEY) that throttles its transaction throughput. The attacker manipulates hashed keys to deprive the victims of receiving the allotted fees and gains monetary benefits through targeted attacks. This paper proposes SHIP, a novel approach to address the FAKEY attack, utilizing symmetric cryptography and secret sharing mechanisms. In this work, we outline the theoretical foundations of SHIP, and plan for empirical validation.  © 2023 IEEE.;conference paper;scopus;New Protocol;Security;Other
105;2023;10.1109/CNS59707.2023.10288911;"Khalil A.A.; Rahman M.A.; Kholidy H.A.";FAKEY: Fake Hashed Key Attack on Payment Channel Networks;Although blockchain's immutability and decentralized capabilities make monetary transactions more secure than ever, its inherent scalability problem hinders its utilization in myriad applications. Payment channel networks (PCNs), one of the prominent solutions to blockchain's scalability issue, reduce the load on the blockchain by performing the transactions offchain. However, malicious PCN participants can delay the block delivery by slightly misbehaving in the initialization phase. In this work, we introduce FAKEY, a fake hashed key-based attack on PCN that can block up a whole set of channels carrying a transaction for a certain period (via collateral lock), depending on the hashed timelock contract (HTLCs) in the attacked payment path. For the targeted attack setup, the effect of the FAKEY is more severe, as PCN throughput can be reduced significantly. Moreover, the attacker can gain direct monetary benefit by carefully choosing one or more victim nodes. We utilize one of the state-of-the-art PCN simulators, PCN sim, to perform multiple experiments with different attack strategies and calculate profit accumulation scenarios. To demonstrate the attack impacts in detail, we perform a couple of case studies using the simulator. Finally, to validate the attack effect and adversarial benefits in a real-world PCN, we utilize the Bitcoin Lightning Network snapshots spanning over a period of 18 months and calculate the exact monetary impact in satoshi units.  © 2023 IEEE.;conference paper;scopus;Analysis;Security;LN
106;2023;10.1109/CSCloud-EdgeCom58631.2023.00026;"Li F.; Liu Y.; Liang W.; Xie S.; Yang Y.; Li Y.";An Efficient Virtual Channel Scheme Based on Multi-hop Payment Channel;The transaction throughput and confirmation time of the current mainstream blockchain cryptocurrency platform are far lower than those of traditional centralized trading platforms, which is difficult to meet the growing needs of users. Therefore, this paper proposes an efficient multi-hop off-chain Virtual Channel (VC) payment scheme to improve the confirmation speed of transactions by performing high-frequency and small transactions off-chain. The proposed scheme constructs a virtual channel scheme with dynamic selection [1], [2] through Hash Time-Lock Contract (HTLC) and constant collateral, and closes the virtual channel through on-chain settlement to ensure the balance security and atomicity of transactions. The proposed VC scheme is suitable for multi-hop Payment Channel (PC) networks, after the VC construction is completed, the transaction initiator and receiver directly conduct transactions through the virtual channel, ensuring the privacy of the transaction. Experimental analysis shows that the proposed scheme can resist a variety of malicious attacks and realize a rapid and safe transaction process. © 2023 IEEE.;conference paper;scopus;New Protocol;Security;Other
107;2023;10.1109/TNSM.2022.3230768;"Mazumdar S.; Banerjee P.; Sinha A.; Ruj S.; Roy B.K.";Strategic Analysis of Griefing Attack in Lightning Network;Hashed Timelock Contract (HTLC) in Lightning Network is susceptible to a griefing attack. An attacker can block several channels and stall payments by mounting this attack. A state-of-the-art countermeasure, Hashed Timelock Contract with Griefing-Penalty (HTLC-GP) is found to work under the classical assumption of participants being either honest or malicious but fails for rational participants. To address the gap, we introduce a game-theoretic model for analyzing griefing attacks in HTLC. We use this model to analyze griefing attacks in HTLC-GP and conjecture that it is impossible to design an efficient protocol that will penalize a malicious participant with the current Bitcoin scripting system. We study the impact of the penalty on the cost of mounting the attack and observe that HTLC-GP is weakly effective in disincentivizing the attacker in certain conditions. To further increase the cost of attack, we introduce the concept of guaranteed minimum compensation, denoted as ζ , and modify HTLC-GP into HTLC-GPζ. By experimenting on several instances of Lightning Network, we observe that the total coins locked in the network drops to 28% for HTLC-GPζ , unlike in HTLC-GP where total coins locked does not drop below 40%. These results justify that HTLC -GPζ is better than HTLC-GP to counter griefing attacks.  © 2004-2012 IEEE.;article;scopus;Analysis;Security;LN
108;2023;10.1109/TDSC.2022.3148476;"Mazumdar S.; Ruj S.";CryptoMaze: Privacy-Preserving Splitting of Off-Chain Payments;Payment Channel Networks or PCNs solve the problem of scalability in Blockchain by executing payments off-chain. Due to a lack of sufficient capacity in the network, high-valued payments are split and routed via multiple paths. Existing multi-path payment protocols either fail to achieve atomicity or are susceptible to wormhole attack. We propose a secure and privacy-preserving atomic multi-path payment protocol CryptoMaze. Our protocol avoids the formation of multiple off-chain contracts on edges shared by the paths routing partial payments. It also guarantees unlinkability between partial payments. We provide a formal definition of the protocol in the Universal Composability framework and analyze the security. We implement CryptoMaze on several instances of Lightning Network and simulated networks. Our protocol requires 11s for routing a payment of 0.04 BTC on a network instance comprising 25600 nodes. The communication cost is less than 1MB in the worst-case. On comparing the performance of CryptoMaze with several state-of-the-art payment protocols, we observed that our protocol outperforms the rest in terms of computational cost and has a feasible communication overhead. © 2004-2012 IEEE.;article;scopus;New Protocol;Security;LN
109;2023;10.1109/CSF57540.2023.00003;"Rain S.; Avarikioti G.; Kovacs L.; Maffei M.";Towards a Game-Theoretic Security Analysis of Off-Chain Protocols;Off-chain protocols constitute one of the most promising approaches to solve the inherent scalability issue of blockchain technologies. The core idea is to let parties transact on-chain only once to establish a channel between them, leveraging later on the resulting channel paths to perform arbitrarily many peer-to-peer transactions off-chain. While significant progress has been made in terms of proof techniques for off-chain protocols, existing approaches do not capture the game-theoretic incentives at the core of their design, which led to overlooking significant attack vectors like the Wormhole attack in the past. In this work we take a first step towards a principled game-theoretic security analysis of off-chain protocols by introducing the first game-theoretic model that is expressive enough to reason about their security. We advocate the use of Extensive Form Games (EFGs) and introduce two instances of EFGs to capture security properties of the closing and the routing of the Lightning Network. Specifically, we model the closing protocol, which relies on punishment mechanisms to disincentivize parties to upload old channel states on-chain. Moreover, we model the routing protocol, thereby formally characterizing the Wormhole attack, a vulnerability that undermines the fee-based incentive mechanism underlying the Lightning Network.  © 2023 IEEE.;conference paper;scopus;Analysis;Security;LN
110;2023;10.1016/j.iot.2023.100822;"Sahoo S.S.; Hosmane M.M.; Chaurasiya V.K.";A secure payment channel rebalancing model for layer-2 blockchain;The concept of cryptocurrencies is prevalently used in the financial world. Some of the currencies like Bitcoin and Ethereum have shown promising outputs. The scalability problem of these cryptocurrencies is an ongoing challenge, solved through many facets. Bitcoin Lightning Network, a Layer-2 solution to Bitcoin Network, is an off-chain crypto transaction platform working on payment channels to transact bi-directionally between two parties. When the maximum payments flow is unidirectional, the individual balances of the parties in the direction of payment get exhausted. It results in the transaction failing for future payments in that direction and lowers the feasibility of network usage. In this paper, we propose a heuristic-based distributed solution by preserving the privacy and anonymity of the parties involved in the rebalancing procedure and improving the fund transfer capability of the channels. The rebalancing mechanism has a global solution that can rebalance to the maximum extent and a local solution using a significantly lower fee. Again the indirect and direct rebalancing schemes balance the imbalanced channel and prevent further transaction failure and closure of channels due to insufficient balance. The resultant method also has an updation in the HTLC message exchange protocol to avoid the Flood and Loot attack that may arise to maintain the safe state of every honest participant in the network. © 2023 Elsevier B.V.;article;scopus;New Protocol;Security;Other
111;2023;10.1504/IJCSE.2023.132151;"Sarode R.P.; Singh D.G.; Watanobe Y.; Bhalla S.";High-volume transaction processing in Bitcoin Lightning Network on blockchains;Transactions on e-commerce platforms using blockchain technology are required to face high volume of executing transactions and these systems are required to be scalable as well. Most of the networks do not support high volume of transactions. Bitcoin Lightning Network can address this problem as it can execute high volume of transactions and is scalable due to few hops in the network. It is an off-chain payment channel built on top of a blockchain which speeds up the transactions. In this paper, we have discussed various networks based on blockchain and their transaction speeds. Transaction processing of Bitcoin Lightning Network along with the benefits and applications has been elaborated. We also propose a secure model on Bitcoin Lightning Network that can be used for any e-commerce platform or any application in the financial industry. Copyright © 2023 Inderscience Enterprises Ltd.;article;scopus;New Protocol;Security;LN
112;2023;10.1109/ICBC56567.2023.10174926;"Sguanci C.; Sidiropoulos A.";Mass Exit Attacks on the Lightning Network;The security of the Lightning Network (LN) relies on the ability of the nodes to close a channel by settling their balances in case of malicious behaviors, which requires confirming a transaction on the Bitcoin blockchain within a pre-agreed time period. We study the susceptibility of the LN to mass exit attacks in case of high transaction congestion on layer-1, in the presence of a small coalition of adversarial nodes that forces a large set of honest users to interact with the blockchain, with the objective of locking or stealing users' funds. We show via simulations that, under historically-plausible congestion conditions, with mild statistical assumptions on channel balances, the proposed attacks can be performed by a small coalition. © 2023 IEEE.;conference paper;scopus;Analysis;Security;LN
113;2023;10.14722/ndss.2023.23241;"Sharma P.K.; Gosain D.; Diaz C.";On the Anonymity of Peer-To-Peer Network Anonymity Schemes Used by Cryptocurrencies;—Cryptocurrency systems can be subject to deanonymization attacks by exploiting the network-level communication on their peer-to-peer network. Adversaries who control a set of colluding node(s) within the peer-to-peer network can observe transactions being exchanged and infer the parties involved. Thus, various network anonymity schemes have been proposed to mitigate this problem, with some solutions providing theoretical anonymity guarantees. In this work, we model such peer-to-peer network anonymity solutions and evaluate their anonymity guarantees. To do so, we propose a novel framework that uses Bayesian inference to obtain the probability distributions linking transactions to their possible originators. We characterize transaction anonymity with those distributions, using entropy as metric of adversarial uncertainty on the originator’s identity. In particular, we model Dandelion, Dandelion++ and Lightning Network. We study different configurations and demonstrate that none of them offers acceptable anonymity to their users. For instance, our analysis reveals that in the widely deployed Lightning Network, with 1% strategically chosen colluding nodes, the adversary can uniquely determine the originator for ≈ 50% of the total transactions in the network. In Dandelion, an adversary that controls 15% of the nodes has, on average, uncertainty among only 8 possible originators. Moreover, we observe that due to the way Dandelion and Dandelion++ are designed, increasing the network size does not correspond to an increase in the anonymity set of potential originators. Alarmingly, our longitudinal analysis of the Lightning Network reveals rather an inverse trend—with the growth of the network, the overall anonymity decreases. © 2023 30th Annual Network and Distributed System Security Symposium, NDSS 2023. All Rights Reserved.;conference paper;scopus;Analysis;Security;LN
114;2023;10.1109/EuroSP57164.2023.00060;"Von Arx T.; Tran M.; Vanbever L.";Revelio: A Network-Level Privacy Attack in the Lightning Network;The Lightning Network (LN) is a widely-adopted off-chain protocol that not only addresses Bitcoin's scaling problem but also enables anonymous payments. Prior attacks have shown that an adversary controlling several peers at the central position of the network (e.g., by hijacking payment routes) can deanonymize such payments. However, these attacks are highly observable or require many parties to collude.This paper presents Revelio, a stealthier, passive network-level privacy attack against LN that exploits its joint centralization at the application and the network layers. Indeed, network-level adversaries can see most of the LN traffic (e.g., five autonomous systems can see up to 80 % of all observable communication channels) despite the encrypted communication between LN nodes and the widespread usage of Tor. This comprehensive view allows Revelio adversaries not only to estimate the payment amount but also to effectively reduce the anonymity size of its endpoints. We show that the Revelio attack is practical: it perfectly deanonymizes the senders or the receiver in almost one-third of tested payments in today's LN and underlying network topologies.  © 2023 IEEE.;conference paper;scopus;Analysis;Security;LN
115;2023;10.1109/ICBCTIS59921.2023.00030;"Ying Z.; Li W.; Chu C.; Zang J.; Deng C.; Xu S.";Payment Channel Network Optimization Composed of Merkle Tree with Election Mechanism;"On-chain methods fail to improve the scalability of cryptocurrencies since they are constrained by block size and block creation rate. As a result, Payment Channel Networks (PCNs) have surfaced as a vital off-chain alternative for achieving scalability. In our prior research, we introduced a scheme called Accountable Assertions Performance Optimization (A2PO) designed to identify malicious users in PCNs while optimizing computational efficiency and maintaining security. The original A2PO scheme assumed the third-party supervisor to be trustworthy; however, the potential for malicious behavior exists in reality. Consequently, we present an improved A2PO framework that incorporates an election mechanism. Supervisors for each transaction are automatically elected by calculating user balances. We offer a thorough security analysis, as well as the results of our evaluation show that the suggested scheme keeps the original A2PO's benefits in terms of computing performance while enhancing security to thwart hostile supervisor operations. © 2023 IEEE.";conference paper;scopus;Analysis;Security;Other
116;2023;10.1109/TDSC.2021.3135076;"Zhang J.; Ye Y.; Wu W.; Luo X.";Boros: Secure and Efficient Off-Blockchain Transactions via Payment Channel Hub;Payment channel, which allows two parties to perform micropayments without involving the blockchain, has become a promising proposal to improve the scalability of decentralized ledgers. Payment channels have been extended to payment networks to utilize existing channels as intermediary links to route coins to others. However, payments through multiple channels bear nontrivial overheads, including time cost, charges at intermediate nodes, etc. In this paper, we propose channel hub, a novel off-chain system to shorten the routing path for the payment network. Channel hub allows transferring coins directly from one payment channel to another within the same hub, so that it can be viewed as a shortcut device for the underlying payment network. Compared with payment hub in literature, which connects participant nodes, our channel hub is more efficient and lightweight, because it connects channels already constructed by the payment network. Based on channel hub, we design a new protocol named Boros to perform secure off-chain cross-channel transfers. We present the security definition of Boros and formally prove its security using the UC-framework. To demonstrate the feasibility of Boros, we develop a proof-of-concept prototype running on Ethereum. Performance evaluation shows that Boros can effectively shorten the off-chain payment path. © 2004-2012 IEEE.;article;scopus;New Protocol;Security;LN
117;2024;10.1109/Blockchain62396.2024.00083;"Arote P.; Kuri J.";Detect and Isolate an Adversary in Fakey and Griefing-R Attack on Lightning Network;Off-chain payment solutions, called layer-2 solutions, address scalability issues in the blockchain. They help to process transactions faster and reduce the computational cost of the blockchain. In the Lightning Network, the popular off-chain solution, multi-hop payment is performed using HTLCs. Two prominent attacks against HTLCs are the Fakey attack, where an adversary manipulates the payment key, and the Griefing-R attack, where an adversary refuses to provide the preimage of a payment hash to its predecessor node. Both these attacks exhaust channel capacities of routing nodes and lead to reduced throughput. We propose a scheme using cryptographic commitments and signatures that detects an adversary performing any of these attacks and punishes the adversary by isolating it from the network. We implement the proposed scheme using the LND implementation of the Lightning Network. Further, we analyze the correctness of the scheme.  © 2024 IEEE.;conference paper;scopus;Analysis;Security;LN
118;2024;10.1145/3658644.3670373;"Aumayr L.; Avarikioti Z.; Maffei M.; Mazumdar S.";Securing Lightning Channels against Rational Miners;Payment channel networks (e.g., the Lightning Network in Bitcoin) constitute one of the most popular scalability solutions for blockchains. Their safety relies on parties being online to detect fraud attempts on-chain and being able to timely react by publishing certain transactions on-chain. However, a cheating party may bribe miners in order to censor those transactions, resulting in loss of funds for the cheated party: these attacks are known in the literature as timelock bribing attacks. In this work, we present the first channel construction that does not require parties to be online and, at the same time, is resistant to timelock bribing attacks. We start by proving for the first time that Lightning channels are secure against timelock bribing attacks in the presence of rational channel parties under the assumption that these parties constantly monitor the mempool and never deplete the channel in one direction. The latter underscores the importance of keeping a coin reserve in each channel as implemented in the Lightning Network, albeit for different reasons. We show, however, that the security of the Lightning Network against Byzantine channel parties does not carry over to a setting in which miners are rational and accept timelock bribes. Next, we introduce CRAB, the first Lightning-compatible channel construction that provides security against Byzantine channel parties and rational miners. CRAB leverages miners’ incentives to safeguard the channel, thereby also forgoing the unrealistic assumption of channel parties constantly monitoring the mempool. Finally, we show how our construction can be refined to eliminate the major assumption behind payment channels, i.e., the need for online participation. To that end, we present Sleepy CRAB the first provably secure channel construction under rational miners that enables participants to go offline indefinitely. We also provide a proof-of-concept implementation of Sleepy CRAB and evaluate its cost in Bitcoin, thereby demonstrating its practicality. © 2024 Copyright held by the owner/author(s).;conference paper;scopus;New Protocol;Security;LN
119;2024;10.4230/LIPIcs.AFT.2024.11;"Avarikioti Z.; Kędzior P.; Lizurej T.; Michalak T.";Bribe & Fork: Cheap PCN Bribing Attacks via Forking Threat;In this work, we reexamine the vulnerability of Payment Channel Networks (PCNs) to bribing attacks, where an adversary incentivizes blockchain miners to deliberately ignore a specific transaction to undermine the punishment mechanism of PCNs. While previous studies have posited a prohibitive cost for such attacks, we show that this cost can be dramatically reduced (to approximately $125), thereby increasing the likelihood of these attacks. To this end, we introduce Bribe & Fork, a modified bribing attack that leverages the threat of a so-called feather fork which we analyze with a novel formal model for the mining game with forking. We empirically analyze historical data of some real-world blockchain implementations to evaluate the scale of this cost reduction. Our findings shed more light on the potential vulnerability of PCNs and highlight the need for robust solutions. © Zeta Avarikioti, Paweł Kędzior, Tomasz Lizurej, and Tomasz Michalak.;conference paper;scopus;Analysis;Security;LN
120;2024;10.1109/APCC62576.2024.10768001;"De Silva A.; Thakur S.; Breslin J.";XPayments: Cross-Domain End-to-End Payment Protocol using Payment Channel Network;The rapid integration of digital technologies has precipitated a substantial transition from traditional in-person commerce to digital trade, even encompassing physical goods. This transformation not only simplifies the purchasing process but also broadens the market reach for vendors, enabling global connectivity with consumers. Presently, there is a shift towards Metaverse-based applications, with blockchains serving as the foundational infrastructure for data management, thereby enhancing the overall user experience. Given this context, integrating payment methods becomes pivotal, particularly in light of the widespread adoption of blockchain technology. Our proposal introduces xPayment, a decentralised payment protocol designed to facilitate end-to-end and cross-domain transactions for digital goods via payment channel networks (PCNs). Initially, we introduce the concept of cyclic exchange and formally demonstrate its atomicity, on which we develop xPayment protocol to facilitate an independent and interoperable payment mechanism integrated into blockchain-based ownership transfers. We provide both theoretical and empirical evidence of its atomicity, minimal merchant opportunity cost, and customisable privacy features. © 2024 IEEE.;conference paper;scopus;New Protocol;Security;Other
121;2024;10.1109/TNSM.2024.3379475;"Huang L.; Lei H.; Wang L.";MPC+: Secure, Compatible and Efficient Off-Blockchain Multi-Node Payment Channel;—Payment channels (PC) greatly improve blockchain scalability by allowing an unlimited number of off-chain transactions instead of committing every transaction to the blockchain. However, the payment channel structure is limited to only two nodes, which is inadequate in scenarios where one node frequently receives money from multiple nodes, such as Cafe. Recent proposals have extended the 2-node structure to a multi-node structure. Unfortunately, these approaches either require all participants to always be online, which is not realistic, or underestimate the efficiency problem of withdrawing funds, leading to higher fees and storage costs. What’s worse, the payment scope in these proposals is limited to their respective structures and is not mutually compatible. In this paper, we propose MPC+, a smart contract that enables multiple nodes to engage in off-chain transactions. MPC+ is designed to cater to scenarios where one node frequently receives money from multiple nodes, such as Cafe, shops, and more. The nodes in MPC+ can conduct off-chain transactions internally or with nodes in existing payment channel networks externally, and they only need to be online during off-chain transactions. Furthermore, MPC+ enhances the withdrawal logic through a binding strategy, effectively reducing the number of on-chain transactions required for fund withdrawals from O(n) to O(1), and it works over any blockchain system that supports Turing-complete smart contracts. The security is formally proven under the Universal Composability framework, and it is specifically implemented on the Ethereum platform. The experimental results clearly demonstrate that MPC+ surpasses other designs in terms of fees and storage costs. © 2024 IEEE.;article;scopus;New Protocol;Security;Other
122;2024;10.1109/TC.2023.3331823;"Jie W.; Qiu W.; Voundi Koe A.S.; Li J.; Wang Y.; Wu Y.; Li J.";A Secure and Flexible Blockchain-Based Offline Payment Protocol;Off-chain transactions seek to address the low on-chain scalability and enable blockchain-based payments over unreliable on-chain networks. The key problem with existing works is that they fail to balance security and flexibility in their designs. These studies would have been more useful if they could provide a sense of security without compromising their flexibility. We hypothesize that two offline parties having loosely synchronized clocks and channels with known bounded latency can conduct off-chain transactions while maintaining a high level of security and flexibility: we introduce a novel blockchain-based offline payment protocol that supports our hypothesis. Our work leverages on-chain smart contracts and offline wallet interactions to build resilience against intermittent on-chain connectivity. Our protocol achieves flexible and trusted computations with the use of platform-agnostic Trusted Execution Environments (TEEs) and open transactions. We empirically evaluate our design over the mainstream Intel Software Guard Extensions (SGX) and compare our protocol with state-of-the-art solutions. We found that our protocol attains high efficiency and exhibits an advanced level of security and flexibility in functionality. We evaluate our construction against several real-world attacks. We prove the security and robustness of our scheme based on a practical universally composable framework with synchronous settings. This work contributes to the existing knowledge of safe and user-friendly offline payment solutions for the blockchain technology.  © 1968-2012 IEEE.;article;scopus;New Protocol;Security;Other
123;2024;10.1145/3687476;"Mohanty S.K.; Tripathy S.";Flexichain: Flexible Payment Channel Network to Defend Against Channel Exhaustion Attack;The payment channel network (PCN) is an effective off-chain scaling solution widely recognized for reducing operational costs on permissionless blockchains. However, it still faces challenges such as lack of flexibility, channel exhaustion, and poor sustainability. Currently, a separate deposit is required for each payment channel, which locks a significant amount of coins for a longer period. This restricts the ability to move locked coins across their channels off-chain. Additionally, unbalanced (unidirectional) transfers can lead to channel exhaustion, rendering the channel unsustainable. To address these issues, we propose a novel off-chain flexible PCN protocol called Flexichain. Unlike existing approaches, Flexichain allows users to deposit coins per user rather than per channel. This provides flexibility to move coins freely between channels without relying on the blockchain or disrupting the off-chain cycle. Flexichain is proven to be secure under the Universal Composability framework and resistant against channel exhaustion attacks. To assess the performance of Flexichain, we conduct experiments on both on-chain and off-chain operations using snapshots of the Lightning Network. We evaluate the on-chain gas costs, success ratio and success amount of off-chain payments under uniform and skewed payment demands, as well as the computational and communication overheads of the off-chain contracts. © 2024 Copyright held by the owner/author(s).;article;scopus;New Protocol;Security;LN
124;2024;10.4230/LIPIcs.AFT.2024.12;"Ndolo C.; Tschorsch F.";Payment Censorship in the Lightning Network Despite Encrypted Communication;The Lightning network (LN) offers a solution to Bitcoin’s scalability limitations by providing fast and private off-chain payments. In addition to the LN’s long known application-level centralisation, recent work has highlighted its centralisation at the network-level which makes it vulnerable to attacks on privacy by malicious actors. In this work, we explore the LN’s susceptibility to censorship by a network-level actor such as a malicious autonomous system. We show that a network-level actor can identify and censor all payments routed via their network by just examining the packet headers. Our results indicate that it is viable to accurately identify LN messages despite the fact that all inter-peer communication is end-to-end encrypted. Additionally, we describe how a network-level observer can determine a node’s role in a payment path based on timing, direction of flow and message type, and demonstrate the approach’s feasibility using experiments in a live instance of the network. Simulations of the attack on a snapshot of the Lightning mainnet suggest that the impact of the attack varies from mild to potentially dramatic depending on the adversary and type of payments that are censored. We analyse countermeasures the network can implement and come to the conclusion that an adequate solution comprises constant message sizes as well as dummy traffic. © Charmaine Ndolo and Florian Tschorsch.;conference paper;scopus;Analysis;Security;LN
125;2024;10.1145/3634737.3644995;"Panwar G.; Vishwanathan R.; Torres G.; Misra S.";SPRITE: Secure and Private Routing in Payment Channel Networks;Payment channel networks are a promising solution to the scalability challenge of blockchains and are designed for significantly increased transaction throughput compared to the layer one blockchain. Since payment channel networks are essentially decentralized peer-to-peer networks, routing transactions is a fundamental challenge. Payment channel networks have some unique security and privacy requirements that make pathfinding challenging, for instance, network topology is not publicly known, and sender/receiver privacy should be preserved, in addition to providing atomicity guarantees for payments. In this paper, we present an efficient privacy-preserving routing protocol, SPRITE, for payment channel networks that supports concurrent transactions. By finding paths offline and processing transactions online, SPRITE can process transactions in just two rounds, which is more efficient compared to prior work. We evaluate SPRITE’s performance using Lightning Network data and prove its security using the Universal Composability framework. In contrast to the current cutting-edge methods that achieve rapid transactions, our approach significantly reduces the message complexity of the system by 3 orders of magnitude while maintaining similar latencies. © 2024 Copyright held by the owner/author(s).;conference paper;scopus;New Protocol;Security;LN
126;2024;10.1145/3639366;"Qiao Y.; Wu K.; Khabbazian M.";Non-intrusive Balance Tomography Using Reinforcement Learning in the Lightning Network;The Lightning Network (LN) is a second layer system for solving the scalability problem of Bitcoin transactions. In the current implementation of LN, channel capacity (i.e., the sum of individual balances held in the channel) is public information, while individual balances are kept secret for privacy concerns. Attackers may discover a particular balance of a channel by sending multiple fake payments through the channel. Such an attack, however, can hardly threaten the security of the LN system due to its high cost and noticeable intrusions. In this work, we present a novel non-intrusive balance tomography attack, which infers channel balances silently by performing legal transactions between two pre-created LN nodes. To minimize the cost of the attack, we propose an algorithm to compute the optimal payment amount for each transaction and design a path construction method using reinforcement learning to explore the most informative path to conduct the transactions. Finally, we propose two approaches (NIBT-RL and NIBT-RL-β) to accurately and efficiently infer all individual balances using the results of these transactions. Experiments using simulated account balances over actual LN topology show that our method can accurately infer 90% ∼94% of all balances in LN with around 12 USD. © 2024 Copyright held by the owner/author(s). Publication rights licensed to ACM.;article;scopus;Analysis;Security;LN
127;2024;10.1109/Blockchain62396.2024.00014;"Sharma N.; Kapoor K.";Attacks in Distributed Routing Protocols in PCNs;Blockchain transactions can be made more scalable using Payment Channel Networks (PCNs), which do not require significant modifications to the distributed ledger algorithm. On the other hand, an onion protocol for anonymity and a locking mechanism to prevent race conditions are needed when routing a payment via several channels in a PCN. This method can be abused by adversaries to launch wormhole attacks. Prior research concentrated on source routing, which is unlikely to continue to be an effective routing strategy as these networks expand. We investigate the impact of attacks in PCNs that employ local knowledge-based routing algorithms. In these scenarios, malicious nodes can steal the benefits of interacting nodes by exchanging confidential information among themselves. We have analyzed the impact of wormhole attacks in the Swift algorithm, Speedy Murmurs, and Silent Whispers. Our experiments introduced an attack that uses a depth measure to arrange malicious nodes in various locations. We used attack gain, attack cost, and attack transaction ratio metrics to assess the attack's impact on routing algorithms. Our simulation-driven analysis demonstrates that placing a malicious node subsequent to a landmark node will raise the likelihood of an attack but at a higher cost. With high transaction volume, attack gain in Silent Whisper will decrease compared to Speedy Murmurs and Swift due to congestion. With 9.6% malicious nodes located at different locations, the average attack transaction ratio for all distributive routing algorithms is 41 %.  © 2024 IEEE.;conference paper;scopus;Analysis;Security;Other
128;2024;10.1049/blc2.12065;"Wang C.; Ren Y.; Wu Z.";Multi-hop anonymous payment channel network based on onion routing;Payment channel networks (PCNs) are one of the most promising off-chain solutions to the blockchain scalability problem. However, most current payment channel schemes suffer from overly ideal routing assumptions or fail to provide complete path privacy protection. To address the above problems, the multi-hop anonymous and privacy-preserving PCN scheme are analyzed and a multi-hop anonymous PCN based on onion routing is proposed based on it. The scheme removes the routing assumptions of the original scheme, designs an onion routing-based payment channel network, and modifies the way relay nodes construct elliptic curve discrete logarithmic problems to resist wormhole attacks. Finally, the security analysis shows that the scheme in this paper has atomicity, relational anonymity and resistance to wormhole attacks. The latest bilinear pairing anonymous multi-hop payment (EAMHL+) scheme is used to compare communication and computing overhead. The results show that the scheme in this paper requires less communication overhead and is more efficient in terms of computational overhead when the average hop number of the payment channel network is 3 hops and the network diameter is 6 hops. © 2024 The Authors. IET Blockchain published by John Wiley & Sons Ltd on behalf of The Institution of Engineering and Technology.;article;scopus;Modified Protocol;Security;Other
129;2024;10.1109/TIFS.2024.3451366;"Wang J.; Gao S.; Li G.; Gai K.; Xiao B.";SAMCU: Secure and Anonymous Multi-Channel Updates in Payment-Channel Networks;The Payment Channel Network (PCN) has emerged as an extensively adopted solution to address the scalability issues of Bitcoin by efficient off-chain updates. However, conflicts arise while existing update protocols are pursuing multiple goals of security, privacy, and expressiveness. In this work, we propose a new off-chain update protocol, Secure and Anonymous Multi-Channel Updates (SAMCU), which is developed on the basis of Unspent Transaction Output (UTXO). SAMCU aims at achieving goals of internal anonymity, balance security, and multi-channel updates simultaneously, which has not been done before. To achieve these goals, we exploit the technique of updating graph splitting (UGS) to make participants aware of only the identities of their neighboring sub-graphs, thereby ensuring internal anonymity in multi-channel updates. Then, to avoid security issues arising from equal sub-graphs, we further propose an Enable Payment Transaction Tree (EPTT) to guarantee balance security for each honest protocol participant. Moreover, we optimize the performance of our solution, reducing transaction fees by splitting transactions and the number of communication connections by hierarchical communication. To evaluate the performance of the SAMCU, we implement a prototype involving up to 100 updating payment channels. Experimental results demonstrate that SAMCU outperforms the state-of-the-art, resulting in approximately 70% savings in communication connections and a 66% reduction in on-chain transaction fees when the number of updating payment channels is 100. IEEE;article;scopus;New Protocol;Security;LN
130;2024;10.1109/TIFS.2023.3346177;"Wang X.; Lin C.; Huang X.; He D.";Anonymity-Enhancing Multi-Hop Locks for Monero-Enabled Payment Channel Networks;Payment Channel Networks (PCNs) are innovative second-layer scaling technologies that aim to improve transaction rates, reduce on-chain storage costs, and enable efficient atomic swaps for blockchain-based cryptocurrencies. Despite offering features like relationship anonymity, scriptless script, and cross-chain fairness, current PCNs encounter challenges in achieving identity anonymity and maintaining the fungibility of cryptocurrency units. PayMo, proposed in ESORICS'22, addresses payment anonymity but is limited to Monero, posing difficulties in extending it to a PCN framework. In response, this paper presents a novel Anonymity-Enhancing Multi-Hop Locks (AEMHL) mechanism for Monero-enabled PCNs. The AEMHL mechanism leverages our generic Linkable Ring Adaptor Signature (LRAS) construction and a minimalist PCN framework called anonymous multi-hop locks. This approach effectively combines privacy protection and simplicity while ensuring Monero's fungibility without the need for specialized scripting support. Security properties, including atomicity, consistency, and anonymity-enhancement, are demonstrated using a universal composability model. Additionally, two optimized LRAS-based schemes are proposed to accommodate multi-hop locks construction in diverse scenarios. Through rigorous security analysis and performance evaluation, we confirm that AEMHL meets essential security objectives and provides efficient and practical solutions for privacy-conscious users within PCNs.  © 2005-2012 IEEE.;article;scopus;New Protocol;Security;Other
131;2024;10.1145/3658644.3670315;"Weintraub B.; Nita-Rotaru C.; Kumble S.P.; Roos S.";Payout Races and Congested Channels: A Formal Analysis of Security in the Lightning Network;The Lightning Network, a payment channel network with a market cap of over 192M USD, is designed to resolve Bitcoin’s scalability issues through fast off-chain transactions. There are multiple Lightning Network client implementations, all of which conform to the same textual specifications known as BOLTs. Several vulnerabilities have been manually discovered, but to-date there have been few works systematically analyzing the security of the Lightning Network. In this work, we take a foundational approach to analyzing the security of the Lightning Network with the help of formal methods. Based on the BOLTs’ specifications, we build a detailed formal model of the Lightning Network’s single-hop payment protocol and verify it using the Spin model checker. Our model captures both concurrency and error semantics of the payment protocol. We then define several security properties which capture the correct intermediate operation of the protocol, ensuring that the outcome is always certain to both channel peers, and using them we re-discover a known attack previously reported in the literature along with a novel attack, referred to as a Payout Race. A Payout Race consists of a particular sequence of events that can lead to an ambiguity in the protocol in which innocent users can unwittingly lose funds. We confirm the practicality of this attack by reproducing it in a local testbed environment. © 2024 Copyright held by the owner/author(s).;conference paper;scopus;Analysis;Security;LN
132;2024;10.1109/TNSE.2023.3332130;"Xie S.; Xiao L.; Han D.; Xie K.; Li X.; Liang W.";HCVC: A High-Capacity Off-Chain Virtual Channel Scheme Based on Bidirectional Locking Mechanism;As one of the key components of Web 3.0, the security of cryptocurrency is essential to its development and application. A Payment Channel Network (PCN) enhances transaction confirmation speed and throughput by executing blockchain transactions off-chain. However, existing PCN protocols have problems like privacy leaks and offline and challenges in meeting privacy and security demands. Due to such problems, we propose in this work High-Capacity Virtual Channel (HCVC) scheme to achieve payment across PCNs. As a lightweight virtual channel protocol based on the unspent transaction output model, HCVC uses a bidirectional locking mechanism to lock the collateral on payment channels to increase the capacity of the virtual channel. Additionally, a bidirectional punishment mechanism is introduced to deter malicious nodes, maintain balance security, and enable secure peer-to-peer transactions across PCNs, as all phases of HCVC can be performed off-chain without confirming transactions on-chain. Experimental analysis shows that the HCVC performs better in n-path PCNs. Compared to Donner, the communication overhead of HCVC in the open and resolve(undesirable) phases can be reduced by 39% and 37%, respectively, effectively reducing the overhead of transactions and enhancing the transaction throughput of the blockchain.  © 2013 IEEE.;article;scopus;New Protocol;Security;Other
133;2024;10.1109/TDSC.2024.3445429;"Xu M.; Zhang Y.; Zhong S.";Towards Payment Channel Watchtowers with Collateral-free Security and Robustness;"Recently, watchtowers emerge as a critical service within payment channel networks (PCNs). Existing payment channels necessitate that channel owners periodically monitor the blockchain to ensure their fund security, or enlist the watchtower services for this task. Presently, watchtower proposals mandate the implementer to provide collateral as a safeguard against its collusion with potential adversaries. However, this collateral substantially inflates the implementation costs, consequently leading to higher service fees for users. Furthermore, most watchtowers are typically operated by a third-party entity, creating a single point of failure. To ameliorate the status quo, we propose a novel approach where PCN nodes collaboratively implement a watchtower system named &#x201C;SilenTower.&#x201D; Our proposal is rooted in the fundamental principles of blockchain systems, emphasizing maintenance by a community with an honest majority. SilenTower&#x0027;s security no longer relies on collateral but rather on the inherent difficulty of a large proportion of collusion. SilenTower also allows inaccessible participants and thus obtains robustness. Through a rigorous theoretical analysis, we demonstrate that participants&#x0027; optimal strategy is to remain accessible and faithfully adhere to the SilenTower protocol. Furthermore, we assess the practical performance of SilenTower through comprehensive benchmarking, and the results reveal that it introduces lightweight overheads. IEEE";article;scopus;New Protocol;Security;Other
134;2024;10.1109/TDSC.2023.3262681;"Zhang Y.; Jia X.; Pan B.; Shao J.; Fang L.; Lu R.; Wei G.";Anonymous Multi-Hop Payment for Payment Channel Networks;Payment Channel Networks (PCNs) have flourished as one of the most promising solutions to the blockchain scalability problem. Unfortunately, the existing PCN solutions either fail to provide path privacy guarantees or require the not-always-true All-Anonymous-Connected assumption (i.e., an anonymous communication channel always exists for any two participants). To alleviate these problems, we first present a new cryptographic primitive named anonymous multi-hop payment (AMHP), which is an improvement of anonymous multi-hop lock (AMHL). Using AMHP and payment channels, we can have a new PCN solution with path privacy but removing the All-Anonymous-Connected assumption. After that, we present the first AMHP scheme, called AMHL+, by adapting the generic construction of AMHL, but at the cost of high communication overhead. To reduce the communication cost, we further present a new AMHP scheme (named EAMHL+) using bilinear pairing. The communication cost of the EAMHL+ is reduced by 92.3% compared to the AMHL+. The rigorous security analysis demonstrates that the EAMHL+ holds consistency, balance security, and path privacy. Finally, we implement the proposed AMHP schemes using Java. The extensive experimental results show that, though the EAMHL+ requires more computational cost than the AMHL+, it is more efficient than the latter in terms of communication overhead.  © 2004-2012 IEEE.;article;scopus;New Protocol;Security;Other
135;2024;10.1007/s11390-024-2635-5;"Zhao P.-C.; Xu L.-J.; Xu J.";Personalized Privacy-Preserving Routing Mechanism Design in Payment Channel Network;Payment Channel Network (PCN) provides the off-chain settlement of transactions. It is one of the most promising solutions to solve the scalability issue of the blockchain. Many routing techniques in PCN have been proposed. However, both incentive attack and privacy protection have not been considered in existing studies. In this paper, we present an auction-based system model for PCN routing using the Laplace differential privacy mechanism. We formulate the cost optimization problem to minimize the path cost under the constraints of the Hashed Time-Lock Contract (HTLC) tolerance and the channel capacity. We propose an approximation algorithm to find the top K shortest paths constrained by the HTLC tolerance and the channel capacity, i.e., top K-restricted shortest paths. Besides, we design the probability comparison function to find the path with the largest probability of having the lowest path cost among the top K-restricted shortest paths as the final path. Moreover, we apply the binary search to calculate the transaction fee of each user. Through both theoretical analysis and extensive simulations, we demonstrate that the proposed routing mechanism can guarantee the truthfulness and individual rationality with the probabilities of 1/2 and 1/4, respectively. It can also ensure the differential privacy of the users. The experiments on the real-world datasets demonstrate that the privacy leakage of the proposed mechanism is 73.21% lower than that of the unified privacy protection mechanism with only 13.2% more path cost compared with the algorithm without privacy protection on average. © Institute of Computing Technology, Chinese Academy of Sciences 2024.;article;scopus;New Protocol;Security;Other
136;2025;10.48550/arXiv.2503.12625;Ababneh, M., Kolachala, K., Vishwanathan, R.;SCOOP: CoSt-effective COngestiOn Attacks in Payment Channel Networks;Payment channel networks (PCNs) are a promising solution to address blockchain scalability and throughput challenges, However, the security of PCNs and their vulnerability to attacks are not sufficiently studied. In this paper, we introduce SCOOP, a framework that includes two novel congestion attacks on PCNs. These attacks consider the minimum transferable amount along a path (path capacity) and the number of channels involved (path length), formulated as linear optimization problems. The first attack allocates the attacker’s budget to achieve a specific congestion threshold, while the second maximizes congestion under budget constraints. Simulation results show the effectiveness of the proposed attack formulations in comparison to other attack strategies. Specifically, the results indicate that the first attack provides around a 40% improvement in congestion performance, while the second attack offers approximately a 50% improvement in comparison to the state-of-the-art. Moreover, in terms of payment to congestion efficiency, the first attack is about 60% more efficient, and the second attack is around 90% more efficient in comparison to state-of-the-art.;preprint;arxiv;Analysis;Security;Other
137;2025;10.1049/blc2.70005;"Arote P.; Kuri J.";CommTLC: An Alternative to Reduce the Attack Surface of HTLCs in Lightning Networks;The Payment Channel Network is widely recognized as one of the most effective solutions for handling off-chain transactions and addressing blockchain scalability challenges. In the Lightning Network, a popular off-chain mechanism, multi-hop payments are facilitated through Hashed Time-Locked Contracts (HTLCs). However, despite its broad adoption, HTLCs are susceptible to various attacks, such as Fakey, Griefing, and Wormhole attacks. In these attacks, adversaries aim to disrupt transaction throughput by exhausting channel capacity or stealing routing fees from honest nodes along the payment path. We propose a scheme called CommTLC, which leverages Pedersen commitments and signatures to detect and punish/prevent adversaries in Fakey, Griefing and Wormhole attacks. We implement the proposed scheme and analyse its security within the universal composability (UC) framework. Additionally, we compare the performance of CommTLC with the latest schemes, MAPPCN-OR and EAMHL+. The results demonstrate that CommTLC outperforms both MAPPCN-OR and EAMHL+ in communication overhead, with only a slight increase in computational overhead compared to MAPPCN-OR. Furthermore, the adversary detection time for Fakey, Griefing and Wormhole attacks using CommTLC is reduced to just a few milliseconds—specifically, less than 112 ms for a payment path involving five users. © 2025 The Author(s). IET Blockchain published by John Wiley & Sons Ltd on behalf of The Institution of Engineering and Technology.;article;scopus;New Protocol;Security;LN
138;2025;10.1016/j.comcom.2025.108155;"Aumayr L.; Ceylan E.; Kopyciok Y.; Maffei M.; Moreno-Sanchez P.; Salem I.; Schmid S.";Optimizing virtual payment channel establishment in the face of on-path adversaries;Payment channel networks (PCNs) are among the most promising solutions to the scalability issues in permissionless blockchains, allowing parties to pay each other off-chain through a path of payment channels (PCs). However, the cost of routing transactions is proportional to the number of intermediaries since each charges a fee. Analogous to other networks, malicious intermediaries on the path can lead to security/privacy threats. Virtual channels (VCs), i.e., bridges over PC paths, mitigate the above PCN issues: Intermediaries participate only in the VC setup but in no future VC payments. However, creating a VC has a cost that must be paid out of the bridged PCs’ balance. Currently, we are missing guidelines on how/where to set up VCs. Ideally, VCs should minimize transaction costs while mitigating security and privacy threats from on-path adversaries. In this work, we address for the first time the VC setup problem, formalizing it as an optimization problem. We present an integer linear program (ILP) computing the globally optimal VC setup strategy in terms of cost, security, and privacy. We accompany this expensive ILP with a fast, greedy algorithm. Our model and algorithms can be used with any on-path adversary whose strategy can be expressed as a set of corrupted nodes. We evaluate the greedy algorithm over a snapshot of the Lightning Network (LN), the largest Bitcoin-based PCN. Our results confirm that the greedy strategy minimizes costs while protecting against security and privacy threats and may serve the LN community as guidelines for VC deployment. © 2025 The Authors;article;scopus;New Protocol;Security;LN
139;2025;10.1007/978-3-031-82349-7_15;"Avarikioti Z.; Bastankhah M.; Maddah-Ali M.A.; Pietrzak K.; Svoboda J.; Yeo M.";Route Discovery in Private Payment Channel Networks;"In this work, we explore route discovery in private payment channel networks. We first determine what “ideal"" privacy for a routing protocol means in this setting. We observe that protocols achieving this strong privacy definition exist by leveraging Multi-Party Computation but they are inherently inefficient as they must involve the entire network. We then present protocols with weaker privacy guarantees but much better efficiency (involving only a small fraction of the nodes). The core idea is that both sender and receiver gossip a message which propagates through the network, and the moment any node in the network receives both messages, a path is found. In our first protocol the message is always sent to all neighbouring nodes with a delay proportional to the fees of that edge. In our second protocol the message is only sent to one neighbour chosen randomly with a probability proportional to its degree. We additionally propose a more realistic notion of privacy in order to measure the privacy leakage of our protocols in practice. Our realistic notion of privacy challenges an adversary that join the network with a fixed budget to create channels to guess the sender and receiver of a transaction upon receiving messages from our protocols. Simulations of our protocols on the Lightning network topology (for random transactions and uniform fees) show that 1) forming edges with high degree nodes is a more effective attack strategy for the adversary, 2) there is a tradeoff between the number of nodes involved in our protocols (privacy) and the optimality of the discovered path, and 3) our protocols involve a very small fraction of the network on average. © The Author(s), under exclusive license to Springer Nature Switzerland AG 2025.";conference paper;scopus;Analysis;Security;LN
140;2025;10.48550/arXiv.2504.14965;Avarikioti, Z., Maffei, M., Wang, Y.;A Security Framework for General Blockchain Layer 2 Protocols;Layer 2 (L2) solutions are the cornerstone of blockchain scalability, enabling high-throughput and low-cost interactions by shifting execution off-chain while maintaining security through interactions with the underlying ledger. Despite their common goals, the principal L2 paradigms—payment channels, rollups, and sidechains—differ substantially in architecture and assumptions, making it difficult to comparatively analyze their security and trade-offs. To address this challenge, we present the first general security framework for L2 protocols. Our framework is based on the IITMbased Universal Composability (iUC) framework, in which L2 protocols are modeled as stateful machines interacting with higher-level protocol users and the underlying ledger. The methodology defines a generic execution environment that captures ledger events, message passing, and adversarial scheduling and characterizes protocol security through trace-based predicates parameterized by adversarial capabilities and timing assumptions. By abstracting away from protocol-specific details while preserving critical interface and execution behavior, the framework enables modular, protocol-agnostic reasoning and composable security proofs across a wide range of L2 constructions. To demonstrate the framework’s applicability, we analyze an illustrative example from each of the three dominant L2 scaling paradigms: a payment channel (Brick), a sidechain (Liquid Network), and a rollup (Arbitrum). By instantiating each within our framework, we derive their respective security properties and expose key trade-offs. These include: the time required for dispute resolution, the distribution of off-chain storage and computation, and varying trust assumptions (e.g., reliance on honest parties or data availability). Our framework thus not only unifies the analysis of diverse L2 designs but also pinpoints their inherent strengths and limitations, providing a foundation for the secure and systematic development of future L2 systems.;preprint;arxiv;Analysis;Security;Other
141;2025;10.48550/arXiv.2501.14418;Avarikioti, Z., Wang, Y., Wang, Y.;Thunderdome: Timelock-Free Rationally-Secure Virtual Channels;Payment channel networks (PCNs) offer a promising solution to address the limited transaction throughput of deployed blockchains. However, several attacks have recently been proposed that stress the vulnerability of PCNs to timelock and censoring attacks. To address such attacks, we introduce Thunderdome, the first timelock-free PCN. Instead, Thunderdome leverages the design rationale of virtual channels to extend a timelock-free payment channel primitive, thereby enabling multi-hop transactions without timelocks. Previous works either utilize timelocks or do not accommodate transactions between parties that do not share a channel. At its core, Thunderdome relies on a committee of non-trusted watchtowers, known as wardens, who ensure that no honest party loses funds, even when offline, during the channel closure process. We introduce tailored incentive mechanisms to ensure that all participants follow the protocol’s correct execution. Besides a traditional security proof that assumes an honest majority of the committee, we conduct a formal game-theoretic analysis to demonstrate the security of Thunderdome when all participants, including wardens, act rationally. We implement a proof of concept of Thunderdome on Ethereum to validate its feasibility and evaluate its costs. Our evaluation shows that deploying Thunderdome, including opening the underlying payment channel, costs approximately $15 (0.0089 ETH), while the worst-case cost for closing a channel is about $7 (0.004 ETH).;preprint;arxiv;New Protocol;Security;Other
142;2025;10.1007/978-3-031-78679-2_15;"Bashiri A.; Khabbazian M.";Short Paper: Onion Messages on Leash;Onion messages (OMs) are private messages sent between nodes in the Lightning Network (LN) using onion routing. While they are intended to enable interesting applications such as static invoices, refunds, and asynchronous payments, onion messages may also be used for unintended applications such as streaming or spam. To mitigate this, LN nodes can impose a rate limit on forwarding onion messages. However, if not carried out carefully, the rate limit can expose the network to a denial of service (DoS) attack, where an adversary may disrupt or degrade the OM service by flooding the network. This DoS threat is particularly concerning because, under current specifications, a single OM can traverse through hundreds of nodes, affecting all the nodes on its way. In addition, the adversary can hide their true identity thanks to the privacy-preserving feature of onion routing. To address this threat, we propose a simple solution with two main components. The first component limits the distance over which OMs can travel. For this purpose, we propose two methods: a hard leash and a soft leash. The hard leash imposes a strict limit on how far OMs can travel, while the soft leash makes it exponentially more difficult for OMs to traverse long distances. While the first method requires changes in the message format, the second method can easily be adopted without altering OMs. The second component of our solution consists of a set of simple yet effective forwarding and routing rules. We demonstrate that when these rules and the proposed leashes are applied, an adversary cannot degrade the onion messaging service, assuming that the adversary does not control a significant fraction of funds in the network. © International Financial Cryptography Association 2025.;conference paper;scopus;Modified Protocol;Security;LN
143;2025;10.1109/TIFS.2025.3528827;"Chen R.; Zhang Y.; Li D.; Liu Y.; Liu J.; Wu Q.; Zhou J.; Susilo W.";Bitcoin-Compatible Privacy-Preserving Multi-Party Payment Channels Supporting Variable Amounts;Blockchain and cryptocurrencies are developing rapidly, and the scalability issue has become a constraint on their practical application and development. Off-chain payment channel is an effective solution to the scalability problem of blockchain. Currently, various payment channel protocols have been proposed. However, privacy issues are vital in payment channels. Existing works that consider privacy issues mainly focus on payment channel networks and payment channel hubs, while there is little work on two-party and multi-party channels. In addition, many existing payment channel works that consider privacy protection fix the transaction amounts to ensure the hiding of payment relationships or rely on smart contracts, which will hinder the practical application of payment channels. In this work, we propose a two-party privacy-preserving payment channel protocol that is compatible with Bitcoin (TBPChannel), achieving value privacy and unlinkability, while supporting variable transaction amounts. On this basis, we propose a privacy-preserving multi-party payment channel protocol (MBPChannel), which removes the role of untrusted operators in previous multi-party settings and further achieves robustness. We formally model the protocols in the universal composability framework and prove the security. Finally, we implement the protocols and provide a performance evaluation. The results demonstrate the scalability and practicality of our protocols. Compared to current protocols, even though we use privacy-preserving methods, our protocols are still efficient and applicable in practice.  © 2025 IEEE.;article;scopus;New Protocol;Security;Other
144;2025;10.48550/arXiv.2503.07200;Fabiański, G., Stefański, R., Litos, O.S.T.;A Formally Verified Lightning Network;In this work we use formal verification to prove that the Lightning Network (LN), the most prominent scaling technique for Bitcoin, always safeguards the funds of honest users. We provide a custom implementation of (a simplification of) LN, express the desired security goals and, for the first time, we provide a machine checkable proof that they are upheld under every scenario, all in an integrated fashion. We build our system using the Why3 platform.;preprint;arxiv;Analysis;Security;LN
145;2025;10.48550/arXiv.2505.15568;Grundmann, M., Hartenstein, H.;Model Checking the Security of the Lightning Network;Payment channel networks are an approach to improve the scalability of blockchain-based cryptocurrencies. The Lightning Network is a payment channel network built for Bitcoin that is already used in practice. Because the Lightning Network is used for transfer of financial value, its security in the presence of adversarial participants should be verified. The Lightning protocol’s complexity makes it hard to assess whether the protocol is secure. To enable computer-aided security verification of Lightning, we formalize the protocol in TLA+ and formally specify the security property that honest users are guaranteed to retrieve their correct balance. While model checking provides a fully automated verification of the security property, the state space of the protocol’s specification is so large that model checking becomes unfeasible. We make model checking the Lightning Network possible using two refinement steps that we verify using proofs. In a first step, we prove that the model of time used in the protocol can be abstracted using ideas from the research of timed automata. In a second step, we prove that it suffices to model check the protocol for single payment channels and the protocol for multi-hop payments separately. These refinements reduce the state space sufficiently to allow for model checking Lightning with models with payments over up to four hops and two concurrent payments. These results indicate that the current specification of Lightning is secure.;preprint;arxiv;Analysis;Security;LN
146;2025;10.1007/978-981-96-6243-2_11;"Guan C.; Yu Z.; Zhang J.; Fang J.; Tang H.";Semi-hidden Channel: Research on the Application of Privacy Protection Channel Based on Bitcoin Lightning Network;In the Bitcoin Lightning Network (LN), traditional channel types have only public and private channels, whereas private channels do not join the Lightning Network and cannot participate in multi-hop payments, which limits the number of available channels in the network. Therefore, these channel types have some shortcomings in terms of privacy and flexibility. To address these issues, this paper introduces a new channel type, the Semi-Hidden Channel, whose balance is represented by a range value, and uses zero-knowledge proof (ZKP) technology to safeguard the privacy of channel users. First, This work reduces the complexity of applying Merkle proofs in zk-SNARKs through the reconstruction of the Merkle tree and the use of the MiMC7 hash algorithm. It uses a mortgage mechanism specifically for this channel type to prevent malicious behavior and sets the conditions for using Semi-Hidden Channels to reduce their impact on the network’s payment success rate. Furthermore, through statistical analysis of UTXO Aging data, it is proven that Funding Transactions for this channel type can remain hidden on the blockchain for at least 40,000 blocks, and a threat model was constructed to demonstrate good privacy protection even after being attacked for 40,000 blocks. Finally, this paper proposes some privacy protection strategies for channel closure to improve its privacy. By introducing semi-hidden channels, the flexibility of Lightning Network can be improved, enabling them to meet the diverse needs of users and potentially expanding the existing scale of Lightning Network, making them more practical. © The Author(s), under exclusive license to Springer Nature Singapore Pte Ltd. 2025.;conference paper;scopus;New Protocol;Security;LN
147;2025;10.1016/j.jisa.2025.104101;"Li T.; Wang Y.; Wang Y.; Zhang M.; Khan S.";GAN-VPC: A virtual payment channel with GAN-based noise against timing attack;Timing attacks in Virtual Payment Channels (VPC) cause leakage of transaction private information by analyzing the time difference of the signatures on transactions. Generally, random time delays are embedded as noise in the signatures, which reduces the time difference and thus resists timing attacks. However, due to the low noise entropy, it leads to time imbalance (i.e., the ratio of the time difference to the mean difference is large) of the signatures, which still leaks the privacy information. In this paper, we propose GAN-VPC, a VPC against timing attacks, where the noise entropy is optimized by Regularization-based Noise Optimization Method (ERNOM). Specifically, a high entropy function is added to the generator of ERNOM such that high entropy noise is generated. Then, the optimized high entropy noise is embedded into ERNOM-sig, a novel transaction signature in VPC. The time of the transaction signature is affected by high-entropy noise, which decreases the time imbalance. Finally, this paper provides corresponding detailed security analysis in the Universal Composability framework, demonstrating that our scheme is secure. The experimental results show that compared with baselines, the entropy of the noise generated by ERNOM is enhanced by 3.62%, the time imbalance of ERNOM-Sig and GAN-VPC is reduced by 84.97% and 47.05% on average respectively. © 2025 Elsevier Ltd;article;scopus;New Protocol;Security;Other
148;2025;10.1007/978-3-031-81404-4_10;"Mariyala R.; Mandal S.";A Novel Protocol for Mitigating Wormhole Attack in Multi-hop Payment Channels;The rapid advancement of blockchain technology has highlighted critical issues, such as slow transaction speeds, which impede its widespread adoption. To address these limitations, layer-two protocols have been developed to process transactions off-chain, reserving the blockchain for dispute resolution. Among these, Payment Channel Networks offer a promising solution by enabling efficient multi-hoppayments through off-chain mechanisms. These networks utilize Hash Time-Locked Contracts to ensure secure conditional payments, releasing funds only when predefined conditions are met and ensuring that all transaction segments either succeed or fail together. However, traditional approaches to PCNs face significant security challenges, including Wormhole Attacks, Griefing Attacks, Bribery Attacks, and Balance Security issues. This study presents a novel cryptographic protocol designed to mitigate wormhole attack within multi-hopPCNs. By integrating HTLCs, Elliptic Curve Cryptography, and Schnorr signatures, the proposed solution enhances transaction security by locking funds and releasing them only after verifying the identities and actions of all involved parties. This research contributes a practical approach to improving the security of multi-hop payments, offering a robust defense against intermediary collusion and enhancing the overall reliability of blockchain-based financial transactions. © The Author(s), under exclusive license to Springer Nature Switzerland AG 2025.;conference paper;scopus;New Protocol;Security;Other
149;2025;10.1109/TDSC.2024.3502689;"Mirzaei A.; Sakzad A.; Yu J.; Steinfeld R.";Formal Treatment of Watchtowers and FPPW: A Fair and Privacy-Preserving Bitcoin Watchtower;This article formalises watchtower and its different properties including agility, privacy against both watchtower and third parties, fairness with respect to both watchtower and its client and coverage. We also evaluate the existing schemes regarding these properties and show they cannot achieve all properties altogether. Furthermore, we prove that there is a trade-off between the level of fairness that a watchtower provides to its clients and the coverage it can achieve. We also introduce FPPW, the first Fair and Privacy-Preserving Watchtower for Bitcoin. This new scheme provides fairness with respect to all channel participants including both channel parties and the watchtower. It means the funds of any honest channel participants are safe even assuming that the other two participants are corrupted and/or collude with each other. Furthermore, the watchtower in FPPW learns no information about the off-chain transactions and hence FPPW provides privacy against the watchtower. We also show that FPPW coverage, i.e., the total capacity of channels that an FPPW watchtower can cover, is higher than that of PISA and Cerberus and FPPW can be implemented without any update in the Bitcoin script. © 2004-2012 IEEE.;article;scopus;New Protocol;Security;LN
150;2025;10.1109/COMSNETS63942.2025.10885574;"Sharma N.; Kapoor K.";Flood and Loot Attack in Distributed Routing Protocols in PCNs;Payment Channel Networks (PCNs) can significantly enhance the scalability of blockchain transactions without requiring major modifications to the underlying distributed ledger protocol. However, to enable efficient and secure payment routing over multiple channels, PCNs necessitate additional components: an onion routing protocol for anonymity and a locking mechanism to prevent race conditions. Unfortunately, these mechanisms can be exploited by malicious actors to launch flood and loot attacks. We investigate the impact of flood and loot attacks on networks that employ local knowledge-based routing algorithms. In these scenarios, malicious nodes can manipulate hash-locks to unfairly capitalize on the benefits of participating nodes. We specifically examine the effects of these attacks on three popular routing algorithms: Swift, Speedy Murmurs, and Silent Whispers. Our analysis employs metrics like attack gain, attack cost, and transaction ratio to assess the impact of the attacks. Our simulation-based results demonstrate that, even with a relatively small fraction of malicious nodes (between 0.66% and 3.3%), the average attack transaction ratio across all evaluated routing algorithms is a concerning 16.23%. © 2025 IEEE.;conference paper;scopus;Analysis;Security;LN
151;2016;;"Poon J.; Dryja T.";The Bitcoin Lightning Network: Scalable Off-Chain Instant Payments;;;research square;New Protocol;Security;LN
152;2015;10.1007/978-3-319-21741-3_1;"Decker C.; Wattenhofer R.";A Fast and Scalable Payment Network with Bitcoin Duplex Micropayment Channels;;;scopus;New Protocol;Security;Other
153;2018;10.1007/978-3-030-00305-0_13;"Werman S.; Zohar A.";Avoiding Deadlocks in Payment Channel Networks;Payment transaction channels are one of the main proposed approaches to scaling cryptocurrency payment systems. Recent work by Malavolta et al. [7] has shown that the privacy of the protocol may conflict with its concurrent nature and may lead to deadlocks. In this paper we ask the natural question: Can payments in routing networks be routed so as to avoid deadlocks altogether? Our results show that it is in general NP-complete to determine whether a deadlock-free routing exists in a given payment graph. On the other hand, Given some fixed routing, we propose another way to resolve the problem of deadlocks. We offer a modification of the protocols in lightning network and in Fulgor [7] that pre-locks edges in an order that guarantees progress, while still maintaining the protocol’s privacy requirements. © Springer Nature Switzerland AG 2018.;conference paper;scopus;New Protocol;Performance;LN
154;2018;10.1109/ICCCN.2018.8487351;"Yu R.; Xue G.; Kilari V.T.; Yang D.; Tang J.";CoinExpress: A fast payment routing mechanism in blockchain-based payment channel networks;Although cryptocurrencies have witnessed explosive growth in the past year, they have also raised many concerns, among which a crucial one is the scalability issue of blockchain-based cryptocurrencies. Suffering from the large overhead of global consensus and security assurance, even leading cryptocurrencies can only handle up to tens of transactions per second, which largely limits their applications in real- world scenarios. Among many proposals to improve cryptocurrency scalability, one of the most promising and mature solutions is the payment channel network (PCN), which offers off-chain settlement of transactions with minimal involvement of expensive blockchain operations. In this paper, we investigate the problem of payment routing in PCN. We suggest crucial design goals in PCN routing, and propose a novel distributed dynamic routing mechanism called CoinExpress. Through extensive simulations, we have shown that our proposed mechanism is able to achieve outstanding payment acceptance ratio with low routing overhead. © 2018 IEEE.;conference paper;scopus;New Protocol;Performance;Other
155;2018;10.3390/info9090223;"Conoscenti M.; Vetrò A.; De Martin J.C.; Spini F.";The CLoTH simulator for HTLC payment networks with introductory lightning network performance results;The Lightning Network (LN) is one of the most promising off-chain scaling solutions for Bitcoin, as it enables off-chain payments which are not subject to the well-known blockchain scalability limit. In this work, we introduce CLoTH, a simulator for HTLC payment networks (of which LN is the best working example). It simulates input-defined payments on an input-defined HTLC network and produces performance measures in terms of payment-related statistics (such as time to complete payments and probability of payment failure). CLoTH helps to predict issues and obstacles that might emerge in the development stages of an HTLC payment network and to estimate the effects of an optimisation action before deploying it. We conducted simulations on a recent snapshot of the HTLC payment network of LN. These simulations allowed us to identify network and payments configurations for which a payment is more likely to fail than to succeed. We proposed viable solutions to avoid such configurations. © 2018 by the authors.;article;scopus;Analysis;Performance;LN
156;2019;10.1109/ACCESS.2019.2941448;"Conoscenti M.; Vetro A.; De Martin J.C.";Hubs, Rebalancing and Service Providers in the Lightning Network;Payment channel networks are the most developed proposal to address the well-known issue of blockchain scalability. Currently, the Lightning Network (LN) is the mainstream and most used payment channel network. In a previous work we introduced CLoTH, a payment channel network simulator we developed to analyze capabilities and limitations of such networks. In this work, using CLoTH, we present results of three groups of simulations on a recent snapshot of the LN, aimed to shed a light on the following aspects. Firstly, we investigated how hubs influence the LN performance. Then, we analyzed the effectiveness of two different channel rebalancing approaches, an active and a passive one. Eventually, we studied performance of the LN when a few service-providers nodes receive payments from the other network nodes, which is a typical use case of payment channel networks. We found that the LN is resilient to the removal of hubs, that our passive rebalancing approach reduces of about one fourth the payments failures due to channel unbalancing, and that in the service-providers scenario a consistent part of payments fails because channels directing to the service providers become unbalanced. Our work contributes to prove the strengthen of the Lightning Network when removing hubs and its weakness in the service-provider scenario. In addition, the passive rebalancing approach proposed in this work is a good candidate for the implementation in the Lightning Network protocol to mitigate channel unbalancing. © 2013 IEEE.;article;scopus;Modified Protocol;Performance;LN
157;2019;10.1109/PST47121.2019.8949051;"Subramanian L.M.; Eswaraiah G.; Vishwanathan R.";Rebalancing in Acyclic Payment Networks;"In this paper, we propose a technique for rebalancing link weights in acyclic payment networks, which are peer-to-peer networks with payment channels or links between users. Payment networks such as Ripple and Stellar offer a range of services such as real-time payment transfers, including cross-currency transactions, and are growing in popularity. They incentivize users to use them by offering much lower transaction fees, and quick transfer times as compared to traditional bank wire transfers. The link weights are positive integers, and once two users connected by a link spend their link weight, the link gets exhausted, and no more transactions can be done over the link. In order to allow users to do any more transactions, the link weight must be increased, a process known as rebalancing link weights. Existing methods of rebalancing require users to perform expensive blockchain transactions of closing and refunding the channel; we consider the problem of rebalancing a payment channel in real time in an efficient way. Our decentralized technique of rebalancing will help users in acyclic payment channel networks to rebalance their link weights on an as-needed basis, and with minimal computational cost, and only off-chain transactions. © 2019 IEEE.";conference paper;scopus;New Protocol;Performance;Other
158;2020;10.1007/978-3-030-51280-4_17;"Bagaria V.; Neu J.; Tse D.";Boomerang: Redundancy Improves Latency and Throughput in Payment-Channel Networks;In multi-path routing schemes for payment-channel networks, Alice transfers funds to Bob by splitting them into partial payments and routing them along multiple paths. Undisclosed channel balances and mismatched transaction fees cause delays and failures on some payment paths. For atomic transfer schemes, these straggling paths stall the whole transfer. We show that the latency of transfers reduces when redundant payment paths are added. This frees up liquidity in payment channels and hence increases the throughput of the network. We devise Boomerang, a generic technique to be used on top of multi-path routing schemes to construct redundant payment paths free of counterparty risk. In our experiments, applying Boomerang to a baseline routing scheme leads to 40% latency reduction and 2 throughput increase. We build on ideas from publicly verifiable secret sharing, such that Alice learns a secret of Bob iff Bob overdraws funds from the redundant paths. Funds are forwarded using Boomerang contracts, which allow Alice to revert the transfer iff she has learned Bob’s secret. We implement the Boomerang contract in Bitcoin Script. © 2020, International Financial Cryptography Association.;conference paper;scopus;New Protocol;Performance;Other
159;2020;10.48550/arXiv.2002.01374;Grunspan, C., Lehéricy, G., Pérez-Marco, R.;Ant routing scalability for the lightning network;The ambition of the Lightning Network is to provide a second layer to the Bitcoin network to enable transactions confirmed instantly, securely and anonymously with a world scale capacity using a decentralized protocol. Some of the current propositions and implementations present some difficulties in anonymity, scaling and decentalization. The Ant Routing algorithm for the Lightning Network was proposed in [7] for maximal decentralization, anonymity and potential scaling. It solves several problems of current implementation, such as channel information update and centralization by beacon nodes. Ant Routing nodes play all the same role and don't require any extra information on the network topology beside for their immediate neighbors. The goal of LN transactions are completed instantaneously and anonymously. We study the scaling of the Ant Routing protocol. We propose a precise implementation, with efficient memory management using AVL trees. We evaluate the efficiency of the algorithm and we estimate the memory usage of nodes by local node workload simulations. We prove that the number of transactions per second that Ant Routing can sustain is of the order of several thousands which is enough for a global payment network.;preprint;arxiv;Modified Protocol;Performance;LN
160;2020;10.1016/j.neucom.2019.09.114;"Lin C.; Ma N.; Wang X.; Chen J.";Rapido: Scaling blockchain with multi-path payment channels;One of the fundamental problems that hinders the current blockchain systems for industrial use is scalability. Lightning Network has been proposed to address this challenge, which executes massive amount of transactions off-chain via pre-constructed payment channels, and only records the final state when a payment channel is closed. However, current Lightning Network heavily rely on the single path payment. When the payment value exceeds the deposit of each individual path, the customer has to close all the existing payment channels and construct a new one from scratch, which we term as the overload issue. In addition, the single path payment bears the inherent risk of sensitive information (e.g., payment value) leaking. In this paper, we propose a multi-path off-chain payment mechanism, termed Rapido, which explicitly addresses the overload and privacy leaking issues by splitting and distributing payment to multiple paths. Specifically, a new smart contract, D-HTLC, is equipped with Rapido to encode multi-path payment protocol. We also theoretically prove that the VDP (Value Distributing Problem) is NP-hard. Finally, extensive experiments show that our approach not only resolves the overload issue but also mitigates the skewness of payment channels. Quantitative results further reveal that with the restriction of no adding new payment channels, the success rate of Rapido is more than 3 times higher than that of the Lightning Network. The implementation will be released upon acceptance. © 2020 Elsevier B.V.;article;scopus;New Protocol;Performance;LN
161;2019;10.1109/Blockchain.2019.00034;"Guo Y.; Tong J.; Feng C.";A measurement study of bitcoin lightning network;As a promising method to enable fast and scalable Bitcoin transactions, Bitcoin Lightning Network (LN) has experienced rapid development since the end of 2017. LN utilizes the so-called 'payment channels' to provide fast off-chain transactions, thereby offloading on-chain burden and enabling instant payments. With many new protocols proposed to improve the performance of LN, little is known about the current state of the network such as its topology, channel characteristics and application performance. In this paper, we conduct a systematic measurement on LN based on the data collected over a period of fifteen months. This measurement allows us to draw a network graph to study the payment routing success rate and the level of decentralization. We also analyze payment channels regarding their functions. Our work provides an in-depth understanding of network mechanisms and helps to explore future implications of LN. © 2019 IEEE.;conference paper;scopus;Analysis;Performance;LN
162;2020;10.1109/DSN48063.2020.00060;"Lin S.; Zhang J.; Wu W.";FSTR: Funds Skewness Aware Transaction Routing for Payment Channel Networks;Payment channel is an effective and popular technique to improve the scalability and throughput of blockchains by transferring transactions from on-chain to off-chain. Multiple payment channels can constitute a payment network and realize transaction execution via multi-hop paths. How to find a feasible and efficient transaction path, i.e., transaction routing, is a key issue in payment channel networks, and different solutions have been proposed. However, the problem of funds skewness, which may cause routing failures, has been largely ignored in existing routing algorithms. In this work, we design FSTR, a routing algorithm that attempts to route transactions using a funds skewness based path selection scheme so as to reduce funds skewness and increase transaction success probability. To evaluate the performance of FSTR, we conduct experiments using the real-world dataset of Ripple. The experiment results show that FSTR outperforms existing routing algorithms, in terms of success ratio, delay, and overhead. © 2020 IEEE.;conference paper;scopus;New Protocol;Performance;Other
163;2020;10.1109/ICBC48266.2020.9169405;"Mazumdar S.; Ruj S.; Singh R.G.; Pal A.";HushRelay: A Privacy-Preserving, Efficient, and Scalable Routing Algorithm for Off-Chain Payments;Payment channel networks (PCN) are used in cryptocurrencies to enhance the performance and scalability of off-chain transactions. Except for opening and closing of a payment channel, no other transaction requests accepted by a PCN are recorded in the Blockchain. In practical scenario, it may not be possible to transfer high valued payment across a single path. For such cases, splitting up the transaction value across multiple paths is a better approach. While there exists several approaches which route transactions via several paths, such techniques are quite inefficient, as the decision on the number of splits must be taken at the initial phase of the routing algorithm [39]. Such decisions are made by not taking into account the residual capacity of each channel in the network. Other approaches leak sensitive information, and are quite computationally expensive [26]. To the best of our knowledge, our proposed scheme HushRelay is an efficient privacy preserving routing algorithm, solving the problems encountered in existing works. On comparing the performance of our algorithm with existing routing scheme SpeedyMurmur [39] on real instances, we observed that HushRelay attains a higher success ratio with less execution time. © 2020 IEEE.;conference paper;scopus;New Protocol;Performance;LN
164;2020;10.1109/ICBC48266.2020.9169456;"Pickhardt R.; Nowostawski M.";Imbalance measure and proactive channel rebalancing algorithm for the Lightning Network;Making a payment in a privacy-aware payment channel network can be achieved by trying out several payment paths until one succeeds. With a large network, such as the Lightning Network, a completion of a single payment can take up to several minutes. We introduce a network imbalance measure and formulate the optimization problem of improving the balance of the network as a sequence of rebalancing operations of the funds within the channels along circular paths within the network. As the funds and balances of channels are not globally known, we introduce a greedy heuristic that improves every node's local balance despite the uncertainty. In an empirical simulation on a snapshot of the Lightning Network we demonstrate that the imbalance distribution of the network has a Kolmogorov-Smirnoff distance of 0.74 in comparison to the imbalance distribution after the heuristic is applied. We further show that the success rate of a single unit payment increases from 11.2% on the imbalanced network to 98.3% in the balanced network. Similarly, the median possible payment size across all pairs of participants increases from 0 to 0.5 mBTC for initial routing attempts on the cheapest possible path. Executing 4 different strategies for selecting rebalancing cycles lead to similar results indicating that a collaborative approach within the friend of a friend network might be preferable from a practical point of view.1  © 2020 IEEE.;conference paper;scopus;Modified Protocol;Performance;LN
165;2020;10.1109/ACCESS.2020.2986035;"Ryu K.; Kim W.; Lee E.-K.";PayGo: Incentive-Comparable Payment Routing Based on Contract Theory;"The increasing use of cryptocurrencies has raised scalability and performance issues in blockchain systems that require global consensus and security assurance for real-time payments. The payment channel network (PCN) is a promising off-chain solution for cryptocurrencies; in these networks, transactions are offloaded from the blockchain and are handled directly using a payment channel with minimum involvement of the blockchain. Routing protocols for PCNs are critical for finding a path-based transaction (PBT) path with low latency and high throughput, and several routing protocols have been proposed to address decentralization, concurrency, and privacy issues. However, incentive mechanisms for the payment service provider (PSP), which are critical for successful path-based transactions, have not been sufficiently studied. Previous routing protocols are proposed only to find a best path in the given budget. In this study, we propose the payGo routing protocol, which not only discovers a feasible path but also derives the optimal incentive for the PSP using contract theory. Furthermore, payGo induces the PSP to make a contract with a counterparty to guarantee payment latency and throughput with a penalty. We implement the payGo protocol by extending the Raiden network and evaluate its performance on a testbed. The results indicate that, in comparison with the conventional linear pricing for latency, payGo can improve about 90% of payer's utility by optimizing latency and incentive. © 2020 IEEE.";article;scopus;New Protocol;Performance;Other
166;2020;10.1007/978-3-030-23813-1_10;"Thakur S.; Breslin J.G.";A balanced routing algorithm for blockchain offline channels using flocking;Offline channels have the potential to mitigate the scalability problem of blockchains. A Path-Based fund Transfer (PBT) uses a path in the channel network. PBTs can make the channel network imbalanced, i.e., funds in a few channels become very low and funds in other channels become very high. Imbalanced channel network may make PBT infeasible. Hence we need a routing algorithm for PBT that keeps the channel network balanced. In existing solutions for this problem have privacy problem as the channels have to reveal their balances in order to find suitable routes for PBTs. In this paper, we mitigate this problem as we propose a flocking based algorithm for PBTs that keeps the channel network balanced. © Springer Nature Switzerland AG 2020.;conference paper;scopus;New Protocol;Performance;LN
167;2020;10.1109/Blockchain50366.2020.00050;"Thakur S.; Breslin J.G.";An Edge Colouring-based Collaborative Routing Protocol for Blockchain Offline Channels;A Path-based Fund Transfer (PBT) in blockchain offline channel networks or in credit networks, uses a path among the offline channels to transfer funds among the peers who do not have mutual channels. A routing algorithm for PBT finds a suitable path for PBT execution. The problems with the landmark-based routing algorithms for PBT executions are as follows: (1) PBTs through hubs may cause privacy problems as a few landmarks can collude to find the sender and the receiver of a PBT, (2) Landmarks can be targeted with DoS or Eclipse attack. Unavailability of landmarks will lead to a high failure rate of PBT and (3) the unavailability of nodes for PBT execution creates cuts in the trees maintained by landmark-based routing protocols, which will lead to failure of PBT execution. In this paper, we mitigate the above problems with routing algorithms for PBT execution with a graph edge colouring-based routing protocol. In this routing protocol, every peer maintains a set of small subgraphs of the channel network with a particular topology. The peers exchange such subgraph information to find an appropriate path for PBT execution. Our contributions are as follows: (1) We develop a distributed algorithm to find subgraphs maintained by a peer. We prove that despite sharing subgraph information, our protocol preserves the privacy of the sender and the receiver of a PBT. (2) We prove that the proposed protocol is secure against adversarial peers initially agrees to participate in PBT execution and included in the trees or subgraphs computed by landmark-based or our edge colour-based routing algorithm, but later they do not participate in PBT execution. (3) We show that trees built by landmark-based algorithms require more frequent rebuilding as values in individual channels are changed over time compared with subgraphs to be maintained by the peers. (4) We show that the success rate and time to execute PBT for the proposed edge colouring-based routing algorithm is competitive against the landmark-based routing algorithm. (5) We show that DoS attacks resulting unavailability of peers have less impact on the proposed routing algorithm compared with landmark-based routing algorithms.  © 2020 IEEE.;conference paper;scopus;New Protocol;Performance;LN
168;2020;10.1109/BCCA50787.2020.9274462;"Thakur S.; Breslin J.G.";Coordinated Landmark-based Routing for Blockchain Offline Channels;Blockchain offline channels such as the Bitcoin Lightning Network will improve the scalability of blockchains by reducing the number of transactions needed to be recorded in the blockchain. Uncoordinated payment transfer in channel networks including path-based fund transfer may overuse few channels. This will lead to imbalanced channel networks where the channel balance of few channels is too low to remain operational. In this paper, we propose a coordination method for a landmark-based routing algorithm for fund transfer in offline channels. Our procedure allows the landmarks to route funds in complementary and non-overlapping paths which balances channel values in a bi-directional channel network. Using experimental evaluation with Bitcoin Lightning network data we prove that the proposed coordinated landmark-based routing algorithm keeps a better balance of the channels and significantly improves the success rate of fund transfer compared with existing landmark-based routing algorithms. © 2020 IEEE.;conference paper;scopus;New Protocol;Performance;LN
169;2020;10.1109/Blockchain50366.2020.00061;"Wu J.; Jiang S.";Local Pooling of Connected Supernodes in Lightning Networks for Blockchains;The lightning network (LN) is a special network in Bitcoin that uses offchain micropayment channels to scale the blockchain's capability to perform instant transactions without a global block confirmation process. However, micropayment scalability in a large LN and liquidation for small nodes still remain major challenges for the LN. In this paper, we introduce the notion of supernodes and the corresponding supernodes-based pooling to address these challenges. In order to meet the high adaptivity and low maintenance cost in the dynamic LN where users join and leave, supernodes are constructed locally without any global information or label propagation. Each supernode, together with a subset of (non-supernodes) neighbors, forms a supernode-based pool. These pools constitute a partition of the LN. Additionally, supernodes are self-connected. Micro-payment scalability is supported through node set reduction as only supernodes are involved in searching and in payment with other supernodes. Liquidation is enhanced through pooling to redistribute funds within a pool to external channels of its supernode. Extensive simulations have been conducted to validate the improvement in routing scalability and liquidation of the proposed architecture under different settings.  © 2020 IEEE.;conference paper;scopus;New Protocol;Performance;LN
170;2021;10.1109/MASCOTS53633.2021.9614304;"Awathare N.; Suraj; Akash; Ribeiro V.J.; Bellur U.";REBAL: Channel Balancing for Payment Channel Networks;Cryptocurrency networks are a promising infrastructure for pseudonymous online payments. However, low throughput has prevented their widespread acceptance. A promising solution to scale throughput is the Payment channel network (PCN), exemplified by the Lightning Network (LN), that uses a network of off-chain bidirectional payment channels between parties that wish to transact often. Since payments use the shortest paths with sufficient funds over this network, channel balances get exhausted in the direction transactions flow and eventually become unidirectional. This results in transactions failing and consequently a lower transaction success ratio. Our observations on the production LN show that over 63% of the channels lose over 80% of the channel balance in one direction over time, which makes the success ratio of a real-world workload drop from 71% to 29%. A unidirectional channel along a path results in a failure message back to the source that recomputes the path, excluding the failed channel and reattempts the transaction, thus adding to the completion latency even for those transactions that do complete.We propose REBAL, a distributed re-balancing mechanism, and a new routing scheme to address the above issues. REBAL maximizes the extent to which channels can be re-balanced across the entire network. REBAL addresses the completion latency issue by re-routing transactions from intermediate nodes around a unidirectional channel rather than propagating the failure back to the source.Our comprehensive evaluation of REBAL shows that the success ratio improves from 30.18% to 79.54% and success volume from 3.98% to 29.99% for a real-world workload derived from the Ripple network, without adversely impacting the transaction latency. Even at very high transaction rates, REBAL outperforms Lightning Network Daemon (LND- a Golang implementation of LN) (12%) with a success ratio of 43.76%.  © 2021 IEEE.;conference paper;scopus;New Protocol;Performance;LN
171;2021;10.1016/j.jnca.2021.103021;"Erdin E.; Cebe M.; Akkaya K.; Bulut E.; Uluagac S.";A scalable private Bitcoin payment channel network with privacy guarantees;While Bitcoin heavily dominates the cryptocurrency markets, its use in micropayments is still a challenge due to long transaction confirmation times and high fees. Recently, the concept of off-chain transactions is introduced that led to the idea of establishing a payment channel network called Lightning Network (LN), which utilizes multi-hop payments. Off-chain links provide the ability to make instant payments without a need to writing to Blockchain. However, LN's design still favors fees, and it is creating hub nodes or relays that defeat the purpose of Blockchain. In addition, it is still not reliable, as not all transactions are guaranteed to be delivered to their destinations. These issues hinder its wide adoption by retailers. To address this issue, in this paper, we argue that the retailers could create a private payment channel network among them to serve their business needs, just like the concept of private Blockchains. The goal is to build a pure peer-to-peer topology that will prevent the formation of hub nodes while also eliminating the need for any relays to increase the robustness of the payments. Assuming off-chain links as edges and retailers as nodes, we formulate the problem as a multi-flow commodity problem where transactions represent the commodities from various sources to destinations. As the multi-flow commodity problem is NP-Complete, we propose a heuristic approach that utilizes Dijkstra's shortest path algorithm for payments in a dynamic way by updating the edge weights when new paths need to be found. The order of transactions is randomized to provide fairness among the retailers. We further extend this approach to guarantee the privacy of payments by forcing all the payments to travel at least three hops. We utilized k-shortest path algorithm to choose from k options that will meet our criterion. The evaluations indicate that the proposed heuristic comes close to an optimal solution while providing scalability and guaranteeing user privacy. © 2021 Elsevier Ltd;article;scopus;New Protocol;Performance;LN
172;2021;10.1109/TrustCom53373.2021.00024;"Gong Q.; Zhou C.; Qi L.; Li J.; Zhang J.; Xu J.";VEIN: High Scalability Routing Algorithm for Blockchain-based Payment Channel Networks;The payment channel networks (PCNs), as the main method of blockchain off-chain expansion, have received extensive attention in recent years. Using the PCNs, two unconnected parties in a transaction can forward payments through existing payment channels of other nodes, which dramatically reduces interactions with the blockchain. But in large-scale dynamic PCNs, the routing mechanism is a challenge. Existing PCNs routing algorithms have some limitations. The landmark routing destroys the decentralization of blockchain. The static routing requires nodes having a global view and ultra-high computing power, which can not be applied to light nodes. We propose VEIN, a dynamic multi-path source routing algorithm, which is suitable for not only full nodes but also light nodes. We present an ingenious routing protocol, a modified max-flow algorithm to find edge-disjoint paths, and a path selection algorithm to deal with the NP-hard multi-path selection problem. Extensive experiments show that VEIN increases the transaction success ratio by 34% with the state-of-art algorithm, and realizes multiple orders of magnitude reduction in storage. In addition, we implement a prototype of VEIN on the Ethereum testnet to verify its feasibility.  © 2021 IEEE.;conference paper;scopus;New Protocol;Performance;LN
173;2021;10.1109/HotICN53262.2021.9680864;"Huo R.; Ni D.; Chen Q.; Xia Y.";Greedy Channel Balanced Routing Strategy of Payment Channel Networks;Restricted by the strict consensus process, blockchain suffers from low performance. The Payment Channel Networks (PCNs) is an optimized solution for efficient transactions on the blockchain which can improve the performance of blockchain. PCNs offers off-chain settlement of transactions with minimal involvement of expensive blockchain operations. In this paper, we jointly consider node privacy and network imbalance issues and investigate the problem of payment routing in PCNs. We propose a greedy channel balanced routing strategy of PCNs called GCBRS_PCNs. GCBRS_PCNs divides a transaction into multiple transaction units, and greedily selects the transaction path for each transaction unit which uses the node Gini index as the selection standard of the next hop. This method realizes the local equilibrium of the network while ensuring the node privacy. The simulations have shown that our proposed mechanism is able to achieve outstanding performance.  © 2021 IEEE.;conference paper;scopus;New Protocol;Performance;Other
174;2021;10.1109/SmartIoT52359.2021.00020;"Kadry H.; Gadallah Y.";A Machine Learning-Based Routing Technique for Off-chain Transactions in Payment Channel Networks;Blockchain is a foundational technology that has the potential to create new prospects for our economic and social systems. However, the lack of scalability limits the capability to deliver a target throughput and latency compared to the traditional financial systems. Layer-two is a collective term for solutions designed to enhance scalability by handling transactions off the main chain. For example, bidirectional payment channels allow the execution of fast transactions between two parties, thus forming the so-called payment channel networks (PCNs). Therefore, efficient routing protocols are needed to find a payment path from the sender to the receiver, with the lowest transaction fees. These protocols have to consider, among other factors, the unexpected online/offline behavior of the constituent payment nodes and the payment channel imbalance. This study proposes a novel machine learning-based technique for off-chain transaction routing. It is a fully distributed approach to be used within PCNs. For this purpose, the effect of the offline nodes and channel imbalance on the payment channels network are modeled. The simulation results demonstrate that the proposed technique strikes a good balance when considering the success ratio, transaction fees, routing efficiency, transaction overhead, and transaction maintenance overhead compared to other techniques that have previously been proposed for the same purpose. © 2021 IEEE.;conference paper;scopus;New Protocol;Performance;LN
175;2021;10.1016/j.softx.2021.100717;"Conoscenti M.; Vetrò A.; De Martin J.C.";CLoTH: A Lightning Network Simulator;Payment-channel networks are one of the most promising solution to the well-known issue of blockchain scalability. In this work we present CLoTH, a simulator of the Lightning Network — the mainstream payment-channel network, used in Bitcoin. CLoTH simulates the execution of payments in a payment-channel network and produces performance measures such as the probability of payment success and the average payment time. To the best of our knowledge, CLoTH is the only simulator that faithfully reproduces the Lightning Network code functions, and this ensures the reliability of simulation results. In this work we provide a detailed description of the new, refactored, publicly-usable version of CLoTH, and we show simulations on the multi-path-payment feature, a recent Lightning Network feature that aims to minimize payment failures. © 2021;article;scopus;Analysis;Performance;LN
176;2021;10.1109/ICBC51069.2021.9461104;"Lange K.; Rohrer E.; Tschorsch F.";On the impact of attachment strategies for payment channel networks;Payment channel networks, such as Bitcoin's Lightning Network, promise to improve the scalability of blockchain systems by processing the majority of transactions off-chain. Due to the design, the positioning of nodes in the network topology is a highly influential factor regarding the experienced performance, costs, and fee revenue of network participants. As a consequence, today's Lightning Network is built around a small number of highly-connected hubs. Recent literature shows the centralizing tendencies to be incentive-compatible and at the same time detrimental to security and privacy. The choice of attachment strategies therefore becomes a crucial factor for the future of such systems. In this paper, we provide an empirical study on the (local and global) impact of various attachment strategies for payment channel networks. To this end, we introduce candidate strategies from the field of graph theory and analyze them with respect to their computational complexity as well as their repercussions for end users and service providers. Moreover, we evaluate their long-term impact on the network topology.  © 2021 IEEE.;conference paper;scopus;New Protocol;Topology;LN
177;2021;10.1016/j.comcom.2020.12.009;"Mercan S.; Erdin E.; Akkaya K.";Improving transaction success rate in cryptocurrency payment channel networks;Blockchain-based cryptocurrencies has received a substantial interest in the last decade as Blockchain can ensure trust among users without relying on third parties. However, cryptocurrency adoption for micro-payments has been limited due to slow confirmation of transactions and unforeseeable high fees, especially in the case of Bitcoin. To this end, creating off-chain payment channels between users is proposed which enables instant and nearly free transactions without writing to blockchain. Off-chain channel idea is then extended to establish payment channel networks to scale the idea to allow payment routing among many users. However, due to the way these channels are designed, both sides of a channel have a fixed one-way capacity for making transactions. Consequently, if one side consumes the whole one-way capacity, the channel becomes non-transitive in that particular direction, which causes failures of payments that would like to pass through. Eventually, the network becomes partitioned with unevenly distributed funds. In this paper, we propose the adoption of three specific techniques that aim to increase the overall success rate of payments and address channel imbalance problem to keep the payment channel network sustainable in the long run. First, we show the effectiveness of balance-aware routing that better utilizes available funds in the channels. Second, we propose an efficient method for selection of the gateway (i.e., connection point) for a user by considering the gateway's inbound and outbound capacity. It exploits the fact that end-users can connect the network through multiple gateways any of which can be used to initiate the payment. Finally, we propose proportional payment splitting method to further increase success rate especially for large transactions. We implemented the three approaches for assessing their effectiveness. Compared to existing approaches such as maximum flow or greedy, the proposed approaches can achieve much higher success rates with channels balanced better. © 2020 Elsevier B.V.;article;scopus;New Protocol;Performance;LN
178;2021;10.23919/IFIPNetworking52078.2021.9472205;"Pietrzak K.; Salem I.; Schmid S.; Yeo M.";LightPIR: Privacy-Preserving Route Discovery for Payment Channel Networks;Payment channel networks are a promising approach to improve the scalability of cryptocurrencies: they allow to perform transactions in a peer-to-peer fashion, along multihop routes in the network, without requiring consensus on the blockchain. However, during the discovery of cost-efficient routes for the transaction, critical information may be revealed about the transacting entities. This paper initiates the study of privacy-preserving route discovery mechanisms for payment channel networks. In particular, we present LightPIR, an approach which allows a client to learn the shortest (or cheapest in terms of fees) path between two nodes without revealing any information about the endpoints of the transaction to the servers. The two main observations which allow for an efficient solution in LightPIR are that: (1) surprisingly, hub labelling algorithms - which were developed to preprocess 'street network like' graphs so one can later efficiently compute shortest paths - also perform well for the graphs underlying payment channel networks, and that (2) hub labelling algorithms can be conveniently combined with private information retrieval. LightPIR relies on a simple hub labeling heuristic on top of existing hub labeling algorithms which leverages the specific topological features of cryptocurrency networks to further minimize storage and bandwidth overheads. In a case study considering the Lightning network, we show that our approach is an order of magnitude more efficient compared to a privacy-preserving baseline based on using private information retrieval on a database that stores all pairs shortest paths. © 2021 IFIP.;conference paper;scopus;New Protocol;Performance;LN
179;2021;10.1145/3479722.3480997;"Rahimpour S.; Khabbazian M.";Spear: Fast multi-path payment with redundancy;In a payment network, like the Lightning Network, Alice can transfer a payment to Bob by splitting the payment into partial payments and transferring these partial payments through multiple paths. The transfer, however, delays if any of the partial payments fails or delays. To handle this, one can add redundant payment paths. The challenge in doing so is that Bob may now overdraw funds from the redundant paths. To address this, Bagaria, Neu, and Tse introduced Boomerang, a mechanism based on secret sharing and homomorphic one-way functions, which allows Alice to revert the transfer if Bob overdraws. In this work, we introduce Spear, a simple method with lower latency than Boomerang. In addition, Spear needs significantly less computation, and half the maximum locktime of Boomerang. Unlike Boomerang, Spear can be implemented using only a minor change to the Lightning Network. This minor change enables both Alice and Bob to have control over the release of partial payments. This prevents Bob from ever overdrawing. Another interesting feature of Spear is that it is more robust than Boomerang against malicious intermediate nodes who do not forward payments in an attempt to lock up funds. Finally, Spear trivially supports division of a payment into uneven partial payments. This gives Alice maximum flexibility in dividing her payment into partial payments.  © 2021 ACM.;conference paper;scopus;New Protocol;Performance;LN
180;2021;10.1109/DAPPS52256.2021.00014;"Kumble S.P.; Roos S.";Comparative analysis of Lightning’s routing clients;Lightning Network, the off-chain solution to Bitcoin, uses a combination of source routing, layered encryption and conditional commitments to perform anonymous and atomic multi-hop off-chain payments. The three predominant routing clients used in Lightning — LND, c-Lightning and Eclair — differ in their cost functions for adding channels to a payment path and hence result in differ paths. At the moment, there is no detailed study on how the different path selections affect the quality of the payment in terms of effectiveness and efficiency. Such an evaluation is needed to i) allow users to make informed choices of which client to use, and ii) enable developers of new routing algorithms to take lessons learned from the current designs into account. In this work, we analyze and compare the three predominant routing clients used by Lightning in terms of the path length, maximal delays a payment might experience, fee borne by the sender and success rate of multi-hop transactions. Based on our experiments and results, we recommend LND for users desiring payments with short paths and high success rates, c-Lightning for users desiring paths with low maximal latencies, and Eclair for those looking for cheap paths in terms of fees paid to the nodes that route payments as intermediaries. We further give guidelines for the design of future routing algorithms based on our insights gained from Lightning’s current routing. © 2021 IEEE.;conference paper;scopus;Analysis;Performance;LN
181;2021;10.1109/DAPPS52256.2021.00012;"van Engelshoven Y.; Roos S.";The merchant: Avoiding payment channel depletion through incentives;Payment channels networks drastically increase the throughput and hence scalability of blockchains by performing transactions off-chain. Hence, they are a promising substrate for all decentralized applications that require instant payments. In an off-chain payment, parties deposit coins in a channel and then perform transactions without invoking the global consensus mechanism of the blockchain. However, the transaction value is limited by the capacity of the channel, i.e., the amount of funds available on a channel. These funds decrease when a transaction is sent and increase when a transaction is received on the channel. Recent research indicates that there is an imbalance between sending and receiving transactions, which leads to channel depletion in the sense that one of these operations becomes impossible over time due to the lack of available funds. We incentivize the balanced use of payment channels through fees. Whereas the current fee model depends solely on the transaction value, our fee policies encourage transactions that have a positive effect on the balance in a channel and discourage those that have a negative effect. This paper first defines necessary properties of fee strategies. Then, it introduces two novel fees strategies that provably satisfy all necessary properties. Our extensive simulation study reveals that these incentives increase the effectiveness of payments by 8% to 19%. © 2021 IEEE.;conference paper;scopus;Modified Protocol;Performance;LN
182;2021;10.48550/arXiv.2103.08576;Pickhardt, R., Tikhomirov, S., Biryukov, A., Nowostawski, M.;Security and privacy of lightning network payments with uncertain channel balances;The Lightning Network (LN) is a prominent payment channel network aimed at addressing Bitcoin’s scalability issues. Due to the privacy of channel balances, senders cannot reliably choose sufficiently liquid payment paths and resort to a trial-and-error approach, trying multiple paths until one succeeds. This leaks private information and decreases payment reliability, which harms the user experience. This work focuses on the reliability and privacy of LN payments. We create a probabilistic model of the payment process in the LN, accounting for the uncertainty of the channel balances. This enables us to express payment success probabilities for a given payment amount and a path. Applying negative Bernoulli trials for single- and multi-part payments allows us to compute the expected number of payment attempts for a given amount, sender, and receiver. As a consequence, we analytically derive the optimal number of parts into which one should split a payment to minimize the expected number of attempts. This methodology allows us to define service level objectives and quantify how much private information leaks to the sender as a side effect of payment attempts. We propose an optimized path selection algorithm that does not require a protocol upgrade. Namely, we suggest that nodes prioritize paths that are most likely to succeed while making payment attempts. A simulation based on the real-world LN topology shows that this method reduces the average number of payment attempts by 20% compared to a baseline algorithm similar to the ones used in practice. This improvement will increase to 48% if the LN protocol is upgraded to implement the channel rebalancing proposal described in BOLT14.1;preprint;arxiv;Analysis;Performance;LN
183;2021;10.1109/IWQOS52092.2021.9521279;"Xu M.; Zhang Y.; Xu F.; Zhong S.";Privacy-Preserving Optimal Recovering for the Nearly Exhausted Payment Channels;Payment Channel Network (PCN) is one of the most promising technologies for scaling the capacity of blockchain-based cryptocurrencies and improving the quality of blockchain-based services. However, during the use of PCNs, a significant portion of the payment channels gradually become exhausted, which triggers additional consumption of on-chain resources and makes PCNs less useful. This is a fundamental problem for blockchain-based cryptocurrencies, worthy of a thorough investigation.In this paper, we propose OPRE, a protocol for OPtimal off-chain REcovering of payment channels, to solve this problem. It is optimal in that it recovers the maximum number of nearly exhausted channels in the PCN. Furthermore, we consider users' privacy concerns and design a privacy-preserving version of this protocol, so that users' balance information does not need to be revealed. This protocol maintains optimality in recovering payment channels while providing cryptographically strong privacy guarantee. In addition to the theoretical design and analysis, we also implement OPRE and experimentally evaluate its performance. The results show that the OPRE protocol is both efficient and effective. © 2021 IEEE.;conference paper;scopus;New Protocol;Performance;LN
184;2021;10.1109/ICDCS51616.2021.00030;"Xue H.; Huang Q.; Bao Y.";EPA-Route: Routing payment channel network with high success rate and low payment fees;Existing blockchain systems suffer from low throughput and high payment latency. Payment channel networks (PCNs) such as the Lightning Network are proposed as a viable scaling solution. In PCNs, two participants can establish a payment channel to transfer funds without manipulating the blockchain. However, PCNs must route transactions between not directly connected participants on paths with sufficient funds. Since link capacities in PCNs vary as transactions are performed, it is hard to apply classical techniques to route PCN transactions directly. In this paper, we propose EPA-Route, a routing algorithm that aims to achieve both a high success rate and low transaction fees for PCNs. In addition, EPA-Route still maintains high performance and decentralization characteristics. In EPA-Route, every participant maintains a routing table. For every transaction, EPA-Route first probes possible paths based on the routing table and prunes useless paths at every hop to alleviate overheads. After a collection of paths obtained after probing and pruning, EPA-Route splits the transaction into several sub-transactions and allocates them to these paths. The allocation is formulated as an optimization problem to minimize transaction fees. Extensive experiments show that EPA-Route reduces up to 85 % transaction fees and maintains a comparable success rate as state-of-the-art algorithms.  © 2021 IEEE.;conference paper;scopus;New Protocol;Performance;LN
185;2021;10.1109/TNET.2021.3069725;"Zhang Y.; Yang D.";RobustPay+: Robust Payment Routing with Approximation Guarantee in Blockchain-Based Payment Channel Networks;The past decade has witnessed an explosive growth in cryptocurrencies, but the blockchain-based cryptocurrencies have also raised many concerns, among which a crucial one is the scalability issue. Suffering from the large overhead of global consensus and security assurance, even the leading cryptocurrencies can only handle up to tens of transactions per second, which largely limits their applications in real-world scenarios. Among many proposals to improve the cryptocurrency scalability, one of the most promising and mature solutions is the payment channel network (PCN), which offers the off-chain settlement of transactions with minimal involvement of expensive blockchain operations. However, transaction failures may occur due to external attacks or unexpected conditions, e.g., an uncooperative user becoming unresponsive. In this paper, we present a distributed robust payment routing protocol $RobustPay^{+}$ to resist transaction failures, which achieves robustness, efficiency, distributedness and approximate optimization. Specifically, we investigate the problem of robust routing in PCNs from an optimization perspective, which is to find a pair of payment paths for a payment request, while minimizing the worst-case transaction fee, subject to the timeliness and feasibility constraints. We present a distributed 2-approximation algorithm for this problem. Moreover, we modify the original Hashed Time-lock Contract (HTLC) protocol and adapt it to the robust payment routing protocol to achieve robustness and efficiency. Extensive simulations demonstrate that $RobustPay^{+}$ significantly outperforms baseline algorithms in terms of the success ratio and the average accepted value  © 1993-2012 IEEE.;article;scopus;New Protocol;Performance;LN
186;2021;10.48550/arXiv.2109.11665;Zhang, X., Shi, S., Qian, C.;WebFlow: Scalable and decentralized routing for payment channel networks with high resource utilization;Payment channel networks (PCNs) have been designed and utilized to address the scalability challenge and throughput limitation of blockchains. Routing is a core problem of PCNs. An ideal PCN routing method needs to achieve 1) high scalability that can maintain low per-node memory and communication cost for large PCNs, 2) high resource utilization of payment channels, and 3) the privacy of users. However, none of the existing PCN systems consider all these requirements. In this work, we propose WebFlow, a distributed routing solution for PCNs, which only requires each user to maintain localized information and can be used for massive-scale networks with high resource utilization. We make use of two distributed data structures: multi-hop Delaunay triangulation (MDT) originally proposed for wireless networks and our innovation called distributed Voronoi diagram. We propose new protocols to generate a virtual Euclidean space in order to apply MDT to PCNs and use the distributed Voronoi diagram to enhance routing privacy. We conduct extensive simulations and prototype implementation to further evaluate WebFlow. The results using real and synthetic PCN topologies and transaction traces show that WebFlow can achieve extremely low per-node overhead and a high success rate compared to existing methods.;preprint;arxiv;New Protocol;Performance;LN
187;2022;10.1145/3548606.3560556;"Aumayr L.; Abbaszadeh K.; Maffei M.";Thora: Atomic and Privacy-Preserving Multi-Channel Updates;Most blockchain-based cryptocurrencies suffer from a heavily limited transaction throughput, which is a barrier to their growing adoption. Payment channel networks (PCNs) are one of the promising solutions to this problem. PCNs reduce the on-chain load of transactions and increase the throughput by processing many payments off-chain. In fact, any two users connected via a path of payment channels (i.e., joint addresses between the two channel end-points) can perform payments, and the underlying blockchain is used only when there is a dispute between users. Unfortunately, payments in PCNs can only be conducted securely along a path, which prevents the design of many interesting applications. Moreover, the most widely used implementation, the Lightning Network in Bitcoin, suffers from a collateral lock time linear in the path length, it is affected by security issues, and it relies on specific scripting features called Hash Timelock Contracts that hinders the applicability of the underlying protocol in other blockchains. In this work, we present Thora, the first Bitcoin-compatible off-chain protocol that enables the atomic update of arbitrary channels (i.e., not necessarily forming a path). This enables the design of a number of new off-chain applications, such as payments across different PCNs sharing the same blockchain, secure and trustless crowdfunding, and channel rebalancing. Our construction requires no specific scripting functionalities other than digital signatures and timelocks, thereby being applicable to a wider range of blockchains. We formally define security and privacy in the Universal Composability framework and show that our cryptographic protocol is a realization thereof. In our performance evaluation, we show that our construction requires only constant collateral, independently from the number of channels, and has only a moderate off-chain communication as well as computation overhead. © 2022 Owner/Author.;conference paper;scopus;New Protocol;Performance;LN
188;2022;10.1007/978-3-031-18283-9_17;"Avarikioti Z.; Pietrzak K.; Salem I.; Schmid S.; Tiwari S.; Yeo M.";Hide & Seek: Privacy-Preserving Rebalancing on Payment Channel Networks;Payment channels effectively move the transaction load off-chain thereby successfully addressing the inherent scalability problem most cryptocurrencies face. A major drawback of payment channels is the need to “top up” funds on-chain when a channel is depleted. Rebalancing was proposed to alleviate this issue, where parties with depleting channels move their funds along a cycle to replenish their channels off-chain. Protocols for rebalancing so far either introduce local solutions or compromise privacy. In this work, we present an opt-in rebalancing protocol that is both private and globally optimal, meaning our protocol maximizes the total amount of rebalanced funds. We study rebalancing from the framework of linear programming. To obtain full privacy guarantees, we leverage multi-party computation in solving the linear program, which is executed by selected participants to maintain efficiency. Finally, we efficiently decompose the rebalancing solution into incentive-compatible cycles which conserve user balances when executed atomically. © 2022, International Financial Cryptography Association.;conference paper;scopus;New Protocol;Performance;Other
189;2022;10.1109/JIOT.2022.3167098;"Bi H.; Chen Y.; Zhu X.";A Multipath Routing for Payment Channel Networks for Internet of Things Microtransactions;The blockchain with a distributed network structure can provide a reliable and secure environment for Internet of Things (IoT) transactions, which also suffers from low throughput, high computation overhead, and large transaction fee. Payment channel networks (PCNs) are developed to address the scalability issue of blockchain. A key enabler of PCNs is the path-finding services. Most of existing routing algorithms target at finding a single feasible path, which may lead to failure of large payments. Moreover, previous solutions did not consider the transaction fee of the chosen path, which is extremely important to cost-sensitive users. In this work, we design a new multipath routing algorithm for PCNs that aims at minimizing transaction fees. Together considering the determination of the optimal number of paths, the optimal path routes and the optimal allocation leads to difficulty of the problem. In addition, the transaction fees along the path are closely related to the amount of payment, and the capacity of a payment channel limits the payment that can be carried. To address these challenges, we propose MILPA-PCN, a cost-effective multipath routing framework for PCNs. We develop a genetic algorithm-based routing determination algorithm with carefully designed genetic operations. We evaluate MILPA-PCN based on the real trace of the lightning network, and verify that MILPA-PCN can reduce the transaction fee by 33.56% and improve the payment success rate by 14.45%.  © 2014 IEEE.;article;scopus;New Protocol;Performance;LN
190;2022;10.1109/TNSM.2022.3162592;"Chen Y.; Li X.; Zhang J.; Bi H.";Multi-Party Payment Channel Network Based on Smart Contract;Blockchain-based cryptocurrencies are severely limited in transaction throughput and latency. A promising solution to this issue is a payment channel, which allows trust-free payments between two peers without exhausting the resources of the blockchain. A linked payment channel network (PCN) enables payments between two peers through a series of intermediate nodes that forward and charge for the payments. However, most of existing proposals only use the shortest path as the path of the transaction, which causes the frequently reused channels to be exhausted quickly. In addition, most of existing PCNs are almost only designed for payments between two parties, which leads to limited application scenarios. When multiple payments use the same intermediate channel, the two-party PCNs cannot achieve simultaneous payments. In this paper, we propose a multi-party payment channel (MPC) network, a payment channel proposal that supports multiple payments using the same intermediate channel simultaneously, thereby greatly expanding the application scenarios of payment channels. In addition, our channel selection and transaction conversion strategies can also increase the success rate of transactions. We implement MPC network in the simulated blockchain network and lightning network based on Truffle, and a large number of experiments verify the effectiveness of our solution.  © 2004-2012 IEEE.;article;scopus;New Protocol;Performance;LN
191;2022;10.1109/TNSM.2021.3139019;"Chen Y.; Ran Y.; Zhou J.; Zhang J.; Gong X.";MPCN-RP: A Routing Protocol for Blockchain-Based Multi-Charge Payment Channel Networks;Blockchain-based cryptocurrencies are severely limited in transaction throughput and latency due to the need to seek consensus among all peers of the network. A promising solution to this issue is payment channels, which allow unlimited numbers of atomic and trust-free payments between two peers without exhausting the resources of the blockchain. A linked payment channel network enables payments between two peers without direct channels through a series of intermediate nodes that forward and charge for the transactions. However, the charging strategies of intermediate nodes vary with different payment channel networks. Existing works do not yet have a complete routing algorithm to provide the most economical path for users in a multi-charge payment channel network. In this work, we propose MPCN-RP, a general routing protocol for payment channel networks with multiple charges. Our extensive experimental results on both simulated and real payment channel networks show that MPCN-RP significantly outperforms the baseline algorithms in terms of time and fees.  © 2004-2012 IEEE.;article;scopus;New Protocol;Performance;LN
192;2022;10.1109/BCCA55292.2022.9922233;"Davis V.; Harrison B.";Learning a Scalable Algorithm for Improving Betweenness in the Lightning Network;This paper presents a scalable algorithm for solving the Maximum Betweenness Improvement Problem as it appears in the Bitcoin Lightning Network. In this approach, each node is embedded with a feature vector whereby an Advantage Actor-Critic model identifies key nodes in the network that a joining node should open channels with to maximize its own expected routing opportunities. This model is trained using a custom built environment, lightning-gym, which can randomly generate small scale-free networks or import snapshots of the Lightning Network. After 100 training episodes on networks with 128 nodes, this A2C agent can recommend channels in the Lightning Network that consistently outperform recommendations from centrality based heuristics and in less time. This approach gives nodes in the network access to a fast, low resource, algorithm to increase their expected routing opportunities. © 2022 IEEE.;conference paper;scopus;New Protocol;Topology;LN
193;2022;10.48550/arXiv.2211.13335;Grunspan, C., Pérez-Marco, R.;Ping-Pong Swaps;We propose Ping-Pong Swaps: A secure pure peer-to-peer crosschain swap mechanism of tokens or cryptocurrencies that does not require escrow nor an intermediate trusted third party. The only technical requirement is to be able to open unidirectional payment channels in both blockchain protocols. This allows anonymous cryptocurrency trading without the need of a centralized exchange, nor DEX’s in DeFi platforms, nor multisignature escrow systems with penalties. Direct peer-to-peer crosschain swaps can be performed without a bridge platform. This enables the creation of non-custodial exchanges and also a global peer-to-peer market of pairs of tokens or cryptocurrencies. Ping-pong swaps with fiat currency is possible if banks incorporate simple payment channel functionalities. Some immediate applications are simple and fast rebalancing of Lightning Network channels, and wrapping tokens in smartchains.;preprint;arxiv;New Protocol;Performance;LN
194;2022;10.1002/int.22978;"Guo J.; Wang Z.; Liang H.; Zhao M.; An H.; Wang Y.";Improving transaction succeed ratio in payment channel networks via enhanced node connectivity and balanced channel capacity;Payment channel networks (PCNs) are generally regarded as one of the most effective and promising scalability solutions for blockchain-based cryptocurrency systems, but suffer the issues of low success ratio and long confirmation latency in processing transactions. In this paper, we demonstrate the feasibility of tremendously increasing the success ratio of transactions and improving their execution efficiency by enhancing network nodes' connectivity and enforcing a balanced network channel capacity. To implement such ideas, multiple designs have been made. First, to extent nodes connectivity, we transform the nearly-linear ordered nodes into a star payment structured typology, and design an incentive financing mechanism to restructure a new landmark routing typology design. Especially, for the marginalized or dissociative nodes, we utilize specific financial loan strategies to encourage them to (re)join the system. Besides, we propose the Power Atomic Multi-Path Payments (Power AMP) traffic distribution method, which hierarchically allocates the bottleneck's currently-available capacity (to replace the random or equal division used in traditional AMP), and thus archives a balanced traffic usage. With such efforts, we improve the transaction success ratio and efficiency of transaction exertion by order of magnitude—compared with traditional PCN using the benchmark of landmark route, our method improves the success ratio by 11.06%. © 2022 Wiley Periodicals LLC.;article;scopus;New Protocol;Performance;LN
195;2022;10.1109/DSN53405.2022.00017;"Hong Z.; Guo S.; Zhang R.; Li P.; Zhan Y.; Chen W.";Cycle: Sustainable Off-Chain Payment Channel Network with Asynchronous Rebalancing;Payment channel network (PCN) is a promising off-chain technology for blockchain scalability, but it suffers from poor sustainability in practice. In other words, due to the imbalanced transfer in channels, the balance in one direction of channels gradually becomes exhausted until the PCN is rebalanced via a consensus-based rebalancing protocol, during which the involved channels must be suspended. This paper presents Cycle, the first off-chain protocol for a sustainable PCN. It not only keeps the PCN at a balanced level consistently but also avoids the channel freeze incurred by the rebalancing protocol, leading to minimum failed payments and sustained PCN service, respectively. Cycle achieves these benefits based on a novel idea of asynchronous rebalancing. During the normal off-chain running, the participants share the information about their payments and asynchronously rebalance the PCN following the principle that payments along circular channels can cancel each other out. To guarantee security, the protocol resolves the disputes resulting from network latency or malicious participants by a message mechanism for synchronization and a smart contract for arbitration. Moreover, to address the privacy concern during the information sharing, a truncated Laplace mechanism is designed to achieve differential privacy. Finally, we provide a proof-of-concept implementation in Ethereum, over which a real data-based simulation shows that Cycle satisfies 31% more payments than the state-of-the-art technique.  © 2022 IEEE.;conference paper;scopus;New Protocol;Performance;LN
196;2022;10.21203/rs.3.rs-856357/v1;Kiran, C.N.;Insights of Security Approach on Payment System using Blockchain;Blockchain-based crypto currencies have recently attracted a lot of attention due to their potential uses in a variety of fields. One of these applications is the IoT area, which can use crypto currencies for micropayments without losing their payment privacy. However, the popularity of crypto currency-based micropayments is hampered by long transaction confirmation times and relatively high costs. Payment channel networks are one of the proposed methods to overcome these issues, in which nodes create payment channels without publishing to the blockchain. As long as IoT devices can sustain their overhead, they can benefit from such payment networks. When it comes to the routing difficulty, payment channel networks have their own set of characteristics. They should, in particular, maintain a balanced network in order to continue payments for extended periods of time, which is critical for IoT devices once they are installed. In this study, This paper offer a payment channel network design that uses a common weight strategy across the network to maintain the channels balanced. For unbalanced payment scenarios, we also recommend establishing multipoint connections to nodes for each IoT device. In comparison to the minimal fee approach, the experiment results suggest that keep the network channels more evenly balanced. Furthermore, various connections from IoT devices to the nodes enhance the success ratio significantly.;preprint;research square;Modified Protocol;Performance;Other
197;2022;10.1109/BigCom57025.2022.00009;"Li D.; Wang L.; Zhang X.; Fang J.; Chen Y.";Compass: A Penalty-based Routing with High Success Ratio in Payment Channel Networks;In the past decade, blockchain-based cryptocurrencies have shown great promise without trusted third parties. However, the lack of scalability prevents them from a wide range of use. Payment Channel Networks (PCNs) such as the Lightning Network are proposed as a promising solution. But unlike traditional networks, transactions on PCNs will fail under insufficient balance in any node of the transaction path. There are some existing multi-path routing schemes to improve the success ratio, while it still remains a challenge to discover the most appropriate paths for each transaction with minimal impact on its subsequent transactions. In this paper, we propose Compass, a novel multi-path routing scheme, to address this challenge. First, we introduce the concept of penalty points. The penalty points are increased for the channel that causes the transaction to fail, and decreased upon a successful transaction for each channel of the path. We use penalty points to choose more reliable paths. After the possible transmission paths are obtained, the transaction amount is split into several sub-transactions which are sent to different paths. The splitting process aims at minimizing the loss of success probability for all channels on the paths, thus making the channels more durable. Compared with state-of-the-art schemes, simulations show that Compass has a higher transaction success ratio, while maintaining a lower latency and transaction fees. © 2022 IEEE.;conference paper;scopus;New Protocol;Performance;LN
198;2022;10.1109/JSAC.2022.3213283;"Li Z.; Su W.; Xu M.; Yu R.; Niyato D.; Xie S.";Compact Learning Model for Dynamic Off-Chain Routing in Blockchain-Based IoT;Dynamic off-chain routing in payment channel network (PCN)-based Internet of Things (IoT) is attracting increasing research attention. However, there are two major issues in dynamic routing in PCN-based IoT with resource-limited devices. The first issue is how to achieve high long-term transaction efficiency in PCN with dynamic channel capacities. The second issue is how to achieve a lightweight routing algorithm deployed on IoT devices while achieving high transaction efficiency, i.e., successful payment amount and success ratio. Therefore, in this paper, we propose a compact deep reinforcement learning (DRL) algorithm to learn the joint dynamic and lightweight routing policy for maximizing long-term transaction efficiency. To obtain optimal performance in dynamic routing problems for off-chain systems, a proximal policy optimization algorithm is employed to create an actor-critic learning structure for training the teacher DRL model. To obtain a compact and efficient student DRL model, an adaptive pruning technique is utilized for pruning unnecessary parameters of networks in the teacher model adaptively without affecting its learning ability. Furthermore, knowledge distillation is leveraged to improve the performance of the student network. Thus, a compact and efficient student DRL model can be developed and implemented to maximize the long-term transaction efficiency in off-chain systems on resource-limited IoT devices. The simulation results demonstrate that the proposed DRL algorithm outperforms the other baseline algorithms in PCN transaction efficiency while requiring only 10% of the computation and storage resources compared with that of the original teacher model.  © 1983-2012 IEEE.;article;scopus;New Protocol;Performance;LN
199;2022;10.23919/WiOpt56218.2022.9930529;"Liu J.; Chen C.; Zhou L.; Fang Z.";Real-Time Recursive Routing in Payment Channel Network: A Bidding-based Design;Payment Channel Network (PCN) is proposed as a promising layer-two solution to tackle the scalability problem of current blockchain systems, which allows the two transacting parties to perform off-chain transactions through their established payment channel. For the transacting parties who are not directly connected, PCN allows them to route the transaction through some intermediate nodes with sufficient balance. Designing an efficient routing protocol is one of the most important and challenging problems in improving the performance of PCN. To tackle this challenge, we propose Real-Time Recursive Routing (RTRR), an efficient routing algorithm that can achieve a short routing time with strong privacy protection and high flexibility in the dynamic scenario. In addition, we investigate the bidding process in RTRR and derive the equilibrium strategy, which implies that the proposed protocol prefers to route the transaction through the nodes with a higher success rate, contributing to a better performance. Both the theoretical analyses and the empirical experiment results demonstrate the high efficiency of RTRR.  © 2022 IFIP.;conference paper;scopus;New Protocol;Performance;LN
200;2022;10.1109/JSAC.2022.3213333;"Luo X.; Li P.";Learning-Based Off-Chain Transaction Scheduling in Prioritized Payment Channel Networks;Payment channel network (PCN) is one of the promising solutions for scalable blockchains since it shows great potential in improving blockchain network throughput. However, the growing number of transactions and the payment-channel sharing of concurrent transactions can lead to channel congestion. Although many studies have proposed different solutions to solve this problem, they ignore a fact that applications may have different transaction rate requirements at different times. In this paper, we propose a priority-aware PCN to meet the requirements of those transactions. Senders in priority-aware PCNs can specify the priority of their transactions by paying a corresponding forwarding fee on each hop along the transaction path. However, capacity competition occurs on the shared hops. Moreover, we propose a multi-agent DQN-based priority assignment algorithm to address the competition issue and design a PCN simulator for performance evaluation. Simulation results show that our solution can guarantee a high throughput of transactions and assign priorities appropriately to balance the transaction rate and forwarding fee cost. The experimental results demonstrate that the priority scheduling scheme can achieve higher transaction throughput and success ratio than other scheduling methods in a congested PCN environment.  © 1983-2012 IEEE.;article;scopus;New Protocol;Performance;LN
201;2022;10.1109/INFOCOM48880.2022.9796862;"Papadis N.; Tassiulas L.";Payment Channel Networks: Single-Hop Scheduling for Throughput Maximization;Payment channel networks (PCNs) have emerged as a scalability solution for blockchains built on the concept of a payment channel: a setting that allows two parties to safely transact between themselves in high frequencies by updating pre-committed balances. Transaction requests in PCNs may be declined because of unavailability of funds due to temporary uneven distribution of the channel balances. In this paper, we investigate how to alleviate unnecessary payment blockage via proper prioritization of the transaction execution order. Specifically, we consider the scheduling problem in a payment channel: as transactions continuously arrive on both sides, nodes need to decide which ones to process and when, in order to maximize channel throughput. We introduce a stochastic model to capture the dynamics of a payment channel under discrete stochastic arrivals, with incoming transactions potentially held in buffers up until some deadline in order to enable more elaborate processing decisions. We describe a scheduling policy that maximizes the channel success rate/throughput, formally prove its optimality for fixed-amount transactions, and also show its superiority in the case of heterogeneous amounts via experiments in our discrete event simulator. Overall, our work is a step in the direction of formal research on improving PCN performance. © 2022 IEEE.;conference paper;scopus;New Protocol;Performance;Other
202;2022;10.48550/arXiv.2205.00751;Lobmaier, D., Konlechner, R., Schulte, S., Weber, I.;Assessing Routing Algorithms for PCNs: Full Evaluation Results;Within this Technical Report, we present the full analysis of 61 routing protocols for Wireless Sensor Networks (WSNs) for the purposes of routing in Payment Channel Networks (PCNs). In addition, we present the full results of the implementation of the three algorithms E-TORA, TERP, and M-DART.;preprint;arxiv;Analysis;Performance;Other
203;2022;10.48550/arXiv.2209.10299;Wang, W., Mu, K., Wei, X.;DPCN: Towards Deadline-aware Payment Channel Networks;"Payment channel is a class of techniques designed to solve the scalability problem of blockchain. By establishing channels off the blockchain to form payment channel networks (PCNs), users can make instant payments without interacting with the blockchain, avoiding the problems of long transaction consensus delays and high transaction fees. Recently, the optimization of PCNs has mainly focused on improving the network throughput via multi-path routing. However, the transaction’s atomicity comes at a non-trivial cost for transaction completion latency that affects user experience in deadline-sensitive applications of PCNs. In this paper, we propose a new and systematic framework DPCN to consider the deadlines of transactions for payment channel networks while improving the success ratio of transactions. DPCN is enabled via a synergy of three components: (1) deadline-based dynamic transaction split mechanism that splits the transaction according to current network status and the transaction’s deadline; (2) deadline-aware transaction scheduling that prioritizes near-deadline transactions; (3) deadline-aware transaction congestion avoidance algorithm, which uses a path window to balance transactions with different deadlines. Our extensive experiments show that compared with existing methods, DPCN can well meet the needs of transactions with different deadlines and ensure a higher success ratio for transactions in the payment channel networks.";preprint;arxiv;New Protocol;Performance;LN
204;2022;10.4230/LIPIcs.DISC.2022.29;"Naor O.; Keidar I.";On Payment Channels in Asynchronous Money Transfer Systems;"Money transfer is an abstraction that realizes the core of cryptocurrencies. It has been shown that, contrary to common belief, money transfer in the presence of Byzantine faults can be implemented in asynchronous networks and does not require consensus. Nonetheless, existing implementations of money transfer still require a quadratic message complexity per payment, making attempts to scale hard. In common blockchains, such as Bitcoin and Ethereum, this cost is mitigated by payment channels implemented as a second layer on top of the blockchain allowing to make many off-chain payments between two users who share a channel. Such channels require only on-chain transactions for channel opening and closing, while the intermediate payments are done off-chain with constant message complexity. But payment channels in-use today require synchrony; therefore, they are inadequate for asynchronous money transfer systems. In this paper, we provide a series of possibility and impossibility results for payment channels in asynchronous money transfer systems. We first prove a quadratic lower bound on the message complexity of on-chain transfers. Then, we explore two types of payment channels, unidirectional and bidirectional. We define them as shared memory abstractions and prove that in certain cases they can be implemented as a second layer on top of an asynchronous money transfer system whereas in other cases it is impossible. © Oded Naor and Idit Keidar.";conference paper;scopus;Analysis;Performance;Other
205;2022;10.1109/TNSE.2022.3166707;"Wu J.; Jiang S.";On Increasing Scalability and Liquidation of Lightning Networks for Blockchains;The lightning network (LN) is a layer-two solution in Bitcoin for support scalability. LN uses offchain micropayment channels to scale the blockchain's capability to perform instant transactions without a global block confirmation process. However, micropayment scalability in a large LN is still limited by its relatively large searching space for a suitable route. Liquidation for small nodes still remains major challenges for the LN as the amount of transactions along a channel is predetermined by the channel capacity defined by two end nodes of the channel. In this paper, we introduce the notion of supernodes and the corresponding supernodes-based pooling to address these challenges. In order to meet the high adaptivity and low maintenance cost in the dynamic LN where users join and leave, supernodes are constructed locally to avoid global information or label propagation. Each supernode, together with a subset of (non-supernodes) neighbors, forms a supernode-based pool. These pools constitute a partition of the LN. Additionally, supernodes are self-connected. Micropayment scalability is supported through node set reduction as only supernodes are involved in searching and in payment with other supernodes. Liquidation is enhanced through pooling to redistribute funds within a pool to external channels of its supernode. Extensive simulations using LN simulator CLoTH have been conducted to validate the improvement in routing scalability and liquidation of the proposed architecture under different settings. © 2013 IEEE.;article;scopus;New Protocol;Performance;LN
206;2022;10.1109/INFOCOMWKSHPS54753.2022.9798003;"Rebello G.A.F.; Camilo G.F.; Potop-Butucaru M.; Campista M.E.M.; De Amorim M.D.; Costa L.H.M.K.";PCNsim: A Flexible and Modular Simulator for Payment Channel Networks;Payment channel networks (PCN) enable the use of cryptocurrencies in everyday life by solving the performance issues of blockchains. Nevertheless, the main implementations of payment channel networks lack the flexibility to test new proposals that can address fundamental challenges, such as efficient payment routing and maximization of the payment success rate. In this demo paper, we propose PCNsim, an open-source simulator based on OMNeT++, which fully reproduces the default behavior of a payment channel network. We build the simulator in a modular architecture that allows easy topology/workload customization and automates result visualization. The core mechanism of PCNsim implements the specifications of the Lightning Network. We evaluate our proposal with a dataset of credit card transactions in a scale-free topology and show that it successfully demonstrates the difference between two routing methods in different setups. © 2022 IEEE.;conference paper;scopus;Analysis;Performance;LN
207;2022;10.48550/arXiv.2301.01240;Shabgahi, S.Z., Hosseini, S.M., Shariatpanahi, S.P., Bahrak, B.;Modeling Effective Lifespan of Payment Channels;While being decentralized, secure, and reliable, Bitcoin and many other blockchain-based cryptocurrencies suffer from scalability issues. One of the promising proposals to address this problem is off-chain payment channels. Since, not all nodes are connected directly to each other, they can use a payment network to route their payments. Each node allocates a balance that is frozen during the channel's lifespan. Spending and receiving transactions will shift the balance to one side of the channel. A channel becomes unbalanced when there is not sufficient balance in one direction. In this case, we say the effective lifespan of the channel has ended. In this paper, we develop a mathematical model to predict the expected effective lifespan of a channel based on the network's topology. We investigate the impact of channel unbalancing on the payment network and individual channels. We also discuss the effect of certain characteristics of payment channels on their lifespan. Our case study on a snapshot of the Lightning Network shows how the effective lifespan is distributed, and how it is correlated with other network characteristics. Our results show that central unbalanced channels have a drastic effect on the network performance.;preprint;arxiv;Analysis;Performance;LN
208;2022;10.1109/IPCCC55026.2022.9894329;"Yu W.; Xu M.; Yu D.; Cheng X.; Hu Q.; Xiong Z.";zk-PCN: A Privacy-Preserving Payment Channel Network Using zk-SNARKs;Payment channel network (PCN) is a layer-two scaling solution that enables fast off-chain transactions but does not involve on-chain transaction settlement. PCNs raise new privacy issues including balance secrecy, relationship anonymity and payment privacy. Moreover, protecting privacy causes low transaction success rates. To address this dilemma, we propose zk-PCN, a privacy-preserving payment channel network using zk-SNARKs. We prevent from exposing true balances by setting up public balances instead. Using public balances, zk-PCN can guarantee high transaction success rates and protect PCN privacy with zero-knowledge proofs. Additionally, zk-PCN is compatible with the existing routing algorithms of PCNs. To support such compatibility, we propose zk-IPCN to improve zk-PCN with a novel proof generation (RPG) algorithm. zk-IPCN reduces the overheads of storing channel information and lowers the frequency of generating zero-knowledge proofs. Finally, extensive simulations demonstrate the effectiveness and efficiency of zk- PCN in various settings.  © 2022 IEEE.;conference paper;scopus;New Protocol;Performance;LN
209;2023;10.1109/ISCC58397.2023.10218303;"Cai Q.; Sun G.; Yu H.; Luo L.";High Throughput Routing Path Selection for Payment Channel Network;The Payment Channel Network (PCN) has emerged as a prominent solution for addressing the scalability limitations of cryptocurrencies. A critical aspect of PCN transactions is the selection of appropriate routing paths between parties. However, the success rate of payment routing in PCNs is significantly influenced by channel capacity and other payments, making path selection in PCNs more challenging than in traditional networks. In this paper, we present a novel path selection algorithm for PCNs that jointly considers path delay, channel capacity, and inter-path impact to achieve high throughput. Our simulation results demonstrate that the proposed algorithm improves throughput by 24.2% compared to the traditional widest path algorithm, and by 5.3% compared to the traditional shortest path algorithm. © 2023 IEEE.;conference paper;scopus;New Protocol;Performance;Other
210;2023;10.1007/978-3-031-20099-1_48;"Guo J.; Shang L.; Wang Y.; Liang T.; Wang Z.; An H.";PAMP: A New Atomic Multi-Path Payments Method with Higher Routing Efficiency;The payment channel networks (PCN) technique effectively improves the transaction efficiency of a blockchain system, further promotes its practical application. Atomic Multi-Path Payments (AMP) are usually used, in payment channel networks, to divide transactions to improve routing efficiency, thereby improving the transaction throughput. Improper transaction division, however, may increase the occurrence of routing failure. Therefore, how to perform efficient transaction partitioning is an urgent problem to be solved. In this work, we propose an improved transaction partition method, named Proportional Atomic Multi-Path Payments (PAMP), which can enhance the efficiency of transaction routing. The key insight of PAMP is that, when a transaction is executed, the trade share can be well divided by the remaining capacity in multiple channels, which can greatly improve the routing efficiency and maintain the balance of channel capacity in the network. Simulation results show that, in contrast to traditional routing algorithms, the transaction success rate is increased by 2.3%, and the average execution time is reduced by 75.09 ms. PAMP improves the transaction routing efficiency, and also promotes the balance of network channel capacity. © 2023, The Author(s), under exclusive license to Springer Nature Switzerland AG.;conference paper;scopus;New Protocol;Performance;Other
211;2023;10.1016/j.comnet.2023.109659;"Hong H.-J.; Chang S.-Y.; Zhou X.";Auto-tune: An efficient autonomous multi-path payment routing algorithm for Payment Channel Networks;Payment Channel Network (PCN) is a scaling solution for Cryptocurrency networks. We advance the PCN multi-path routing by better modeling the system and incorporating the cost of routing fee and the privacy requirement of the channel balance. We design an autonomous routing algorithm, Auto-Tune, optimizing the routing concerning the success rate and the routing fee and utilizing the limited channel capacity information. The simulation result shows a significant performance gain in the success rate of Auto-Tune over the current PCN implementation based on single-path routing. To analyze the performance cost from the system requirement of the channel balance privacy, we compare Auto-Tune against the state-of-the-art Flash algorithm assuming the availability of the channel-balance information (such channel-balance information violates the PCN privacy requirement and does not comply with the current PCN implementations and practices). The simulation results show that the success rate and fee obtained by Auto-Tune are close to that obtained by Flash (which achieves the optimal fee result by using the exact channel-balance information). © 2023 Elsevier B.V.;article;scopus;New Protocol;Performance;LN
212;2023;10.1007/978-3-031-25734-6_13;"Gögge N.; Rohrer E.; Tschorsch F.";On the Routing Convergence Delay in the Lightning Network;Nodes in the Lightning Network synchronise routing information through a gossip protocol that makes use of a staggered broadcast mechanism. In this work, we show that the convergence delay in the network is larger than what would be expected from the protocol’s specification and that payment attempt failures caused by the delay are more frequent, the larger the delay is. To this end, we measure the convergence delay incurred in the network and analyse what its primary causes are. Moreover, we further investigate and confirm our findings through a time-discrete simulation of the Lightning Network gossip protocol. We explore the use of alternative gossip protocols as well as parameter variations of the current protocol and evaluate them by the resulting bandwidth usage and convergence delay. Our research shows that there are multiple ways of lowering the convergence delay, ranging from simple parameter changes to overhauling the entire protocol. © 2023, The Author(s), under exclusive license to Springer Nature Switzerland AG.;conference paper;scopus;Analysis;Performance;LN
213;2023;10.3390/s23094524;Kim W.;Coalition Formation Game for Cost-Efficient Multiparty Payment Channel in Payment Channel Networks;Blockchain has introduced a new era for online payment services and its economy with tamper-proof cryptocurrencies. However, blockchain, which is based on global peer-to-peer networks, has its limitations due to payment delays from global consensus and transaction costs for maintenance. Thus, payment channel networks (PCN) have been proposed as one of the most promising off-chain solutions, allowing users to pay directly through payment channels (PC), with minimal blockchain involvement. However, payment delays and cost problems still exist, especially given the large size of the PCN. This study proposes a multiparty payment channel (MPC) that enables multiple users to join the same PC and exchange payment transactions, compared to the legacy PC. To avoid a consensus procedure among users in the PC, we introduce sequential and parallel updates for the PC status. Since increasing the MPC size limits the advantages in terms of the delay and cost, we propose a distributed coalition formation algorithm to form the MPC group, in which each user has the choice to join or leave the group. Simulations show that the proposed algorithm establishes MPCs successfully, considering the trade-off between the payoff gain and the MPC delay cost. © 2023 by the author.;article;scopus;New Protocol;Performance;Other
214;2023;10.1109/WoWMoM57956.2023.00041;"Kurt A.; Sahin A.; Harrilal-Parchment R.; Akkaya K.";LNMesh: Who Said You need Internet to send Bitcoin? Offline Lightning Network Payments using Community Wireless Mesh Networks;"Bitcoin is undoubtedly a great alternative to today's existing digital payment systems. Even though Bitcoin's scalability has been debated for a long time, we see that it is no longer a concern thanks to its layer-2 solution Lightning Network (LN). LN has been growing non-stop since its creation and enabled fast, cheap, anonymous, censorship-resistant Bitcoin transactions. However, as known, LN nodes need an active Internet connection to operate securely which may not be always possible. For example, in the aftermath of natural disasters or power outages, users may not have Internet access for a while. Thus, in this paper, we propose LNMesh which enables offline LN payments on top of wireless mesh networks. Users of a neighborhood or a community can establish a wireless mesh network to use it as an infrastructure to enable offline LN payments when they do not have any Internet connection. As such, we first present proof-of-concept implementations where we successfully perform offline LN payments utilizing Bluetooth Low Energy and WiFi. For larger networks with more users where users can also move around, channel assignments in the network need to be made strategically and thus, we propose 1) minimum connected dominating set; and 2) uniform spanning tree based channel assignment approaches. Finally, to test these approaches, we implemented a simulator in Python along with the support of BonnMotion mobility tool. We then extensively tested the performance metrics of large-scale realistic offline LN payments on mobile wireless mesh networks. Our simulation results show that, success rates up to %95 are achievable with the proposed channel assignment approaches when channels have enough liquidity.  © 2023 IEEE.";conference paper;scopus;New Protocol;Performance;LN
215;2023;10.1109/ACCESS.2023.3235828;"Luo X.; Li P.";LEAF: Let's Efficiently Make Adaptive Forwarding in Payment Channel Networks;Blockchain technology is widely applicable to modern payment systems but has inherent throughput limitations. Off-chain networks are proposed to solve scalability issues, which allows parties to efficiently perform micropayments without committing all of the payments to the blockchain. Off-chain payments with security and privacy protection requirements use the smart contract to ensure security and reduce the risk of sensitive information leakage. Although off-chain payments avoid expensive on-chain operations, it raises many concerns, such as the capacity limitation of payment channels and highly dynamic channel status, lowering the throughput of payment channel networks (PCNs). In our work, we explore the path overlap issues in PCNs and propose a decentralized payment routing scheme to improve the network throughput and reduce the redundant traffic overhead of PCNs, thereby guaranteeing efficient payments. The simulation results indicate that the proposed routing algorithm can achieve higher throughput than other routing schemes while guaranteeing short payment times.  © 2013 IEEE.;article;scopus;New Protocol;Performance;LN
216;2023;10.1007/s41109-023-00602-2;"Mahdizadeh M.S.; Bahrak B.; Sayad Haghighi M.";Decentralizing the lightning network: a score-based recommendation strategy for the autopilot system;The fundamental objective of the Lightning Network is to establish a decentralized platform for scaling the Bitcoin network and facilitating high-throughput micropayments. However, this network has gradually deviated from its decentralized topology since its operational inception, and its resources have quickly shifted towards centralization. The evolution of the network and the changes in its topology have been critically reviewed and criticized due to its increasing centralization. This study delves into the network’s topology and the reasons behind its centralized evolution. We explain the incentives of various participating nodes in the network and propose a score-based strategy for the Lightning Autopilot system, which is responsible for automatically establishing new payment channels for the nodes joining the network. Our study demonstrates that utilizing the proposed strategy could significantly aid in reducing the network’s centralization. This strategy is grounded in qualitative labeling of network nodes based on topological and protocol features, followed by the creation of a scoring and recommendation model. Results of the experiments indicate that in the evolved network using the proposed strategy, concentration indicators such as the Gini coefficient can decrease by up to 17%, and channels ownership of the top 1% of hubs decrease by 27% compared to other autopilot strategies. Moreover, through simulated targeted attacks on hubs and channels, it is shown that by adopting the proposed strategy, the network’s resilience is increased compared to the existing autopilot strategies for evolved networks. The proposed method from this research can also be integrated into operational Lightning clients and potentially replace the current recommendation methods used in Lightning Autopilot. © 2023, The Author(s).;article;scopus;Modified Protocol;Topology;LN
217;2023;10.1109/SmartTechCon57526.2023.10391391;Widjaja G.;EFFICIENT SECURE ROUTING STRATEGY FOR THE INTERNET OF THINGS DATA TRANSACTIONS;A highly effective routing technique based on the Payment Channel Network (PCN) is suggested to increase the effectiveness of data transactions in the Internet of Things (IoT). This technique tackles the PCN network's restrictions by concentrating on gateway selection and separating big transactions. To maintain network stability and balance, appropriate gateways are selected for transactions by evaluating the payment-to-receiving fund flow ratio of various gateways. A multi-channel balancing algorithm divides a single transaction into many transaction units and optimizes path selection to solve the problem of inadequate channel capacity during large transactions. As a result, the network's transaction efficiency increases, and fewer transactions occur on-chain. According to simulation data, this strategy achieves higher transaction success rates and shorter transaction durations. © 2023 IEEE.;conference paper;scopus;New Protocol;Performance;Other
218;2023;10.1109/TKDE.2021.3120842;"Tao Y.; Li B.; Li B.; Chen L.";Characterizing Performance Limits in Payment Channel Networks;With their instant transaction confirmation and high scalability, payment channel networks (PCNs), running off-chain and in parallel with blockchain systems, have recently attracted a substantial amount of research attention. It has been shown that there exists a significant gap between the theoretically optimal performance and the performance achievable given the stringent privacy requirements in practice. However, it remains unclear what the fundamental performance limits and key factors involved are, which turns out to be a challenging problem due to the unique characteristics in PCNs. In this paper, we, for the first time, develop a mathematical model capturing the PCN performance, and examine the impact from a number of factors including channel capacity and transactions. We are articularly interested in obtaining the gap between the theoretically optimal performance and the performance achievable in practice, which characterizes the design space in PCNs for scheduling transactions. Specifically, we derive how different transactions and channel capacities affect the PCN performance and the performance gap. Our analytical characterization of PCNs offers an in-depth understanding on their fundamental trade-off, and provides important insights on the design of PCNs.  © 1989-2012 IEEE.;article;scopus;Analysis;Performance;Other
219;2023;10.1109/CCSB60789.2023.10398790;"Xie M.; He X.";PACO: Efficient Routing in Payment Channel Networks;Payment channel networks (PCNs) are indispensable solutions to the scalability issues of blockchains and act as capacity-enhancing plugins for the Bitcoin settlement mechanism. Compared to on-chain transaction processing, payment channel networks can achieve exponential throughput gains. However, the current PCNs still face bottlenecks in transaction success rates, with routing algorithms often adopting single-path payments, restricting the further development of PCNs. This paper introduces PACO, a multi-path routing algorithm based on the Ant Colony Optimization (ACO), which offers a systematic approach to initialize and update routing table probabilities for ant path-finding and subsequently selects feasible paths for final transaction amount forwarding. Experimental results demonstrate that the PACO algorithm outperforms traditional single-path routing algorithms.  © 2023 IEEE.;conference paper;scopus;New Protocol;Performance;LN
220;2023;10.1109/ICDCS57875.2023.00087;"Yang L.; Dong X.; Gao S.; Qu Q.; Zhang X.; Tian W.; Shen Y.";Optimal Hub Placement and Deadlock-Free Routing for Payment Channel Network Scalability;As a promising implementation model of payment channel network (PCN), payment channel hub (PCH) could achieve high throughput by providing stable off-chain transactions through powerful hubs. However, existing PCH schemes assume hubs are preplaced in advance, not considering payment requests' distribution and may affect network scalability, especially network load balancing. In addition, current source routing protocols with PCH allow each sender to make routing decision on his/her own request, which may have a bad effect on performance scalability (e.g., deadlock) for not considering other senders' requests. This paper proposes a novel multi-PCHs solution with high scalability. First, we are the first to study the PCH placement problem and propose optimal/approximation solutions with load balancing for small-scale and large-scale scenarios, by trading off communication costs among participants and turning the original NP-hard problem into a mixed-integer linear programming (MILP) problem solving by supermodular techniques. Then, on global network states and local directly connected clients' requests, a routing protocol is designed for each PCH with a dynamic adjustment strategy on request processing rates, enabling high-performance deadlock-free routing. Extensive experiments show that our work can effectively balance the network load, and improve the performance on throughput by 29.3% on average compared with state-of-the-arts. © 2023 IEEE.;conference paper;scopus;New Protocol;Performance;LN
221;2023;10.1109/TIFS.2023.3306107;"Zhou X.; He D.; Ning J.; Luo M.; Huang X.";Efficient Construction of Verifiable Timed Signatures and Its Application in Scalable Payments;Despite the myriad benefits offered by blockchain technology, most of them still face several interrelated issues, such as limited transaction throughput, exorbitant transaction fees, and protracted confirmation times. Payment channel networks have emerged as a promising scalability solution, allowing two mutually distrustful users to engage in multiple off-chain transactions. However, existing schemes based on Hash Time Lock Contract or Anonymous Multi-hop Lock generally cannot ensure strong unlinkability of payments, due to the fact that the time-lock information still remains on the blockchain. To enhance on-chain privacy, a versatile tool was recently proposed by Thyagarajan et al. (CCS'20), named Verifiable Timed Signatures, but it suffers from the dual insufficiencies of linear-increasing performance and time unverifiability (i.e., performance is linear to the number of signature shares, and signatures cannot be ensured recoverable after the specified time). In this paper, we first propose an approach to reduce computational overhead of VTS, which can be applied to enhance other established schemes, such as VTD (S&P'22) and VTLRS (ESORICS'22). To further reduce the computational complexity from O(n) to O(1) , we introduce a new cryptographic primitive called Verifiable Timed Adaptor Signatures. Moreover, we extend the VTAS to VTAS+ which provides the security property of verifiable recovery. We demonstrate the practicality of our proposal via presenting a concrete instantiation and constructing a privacy-enhanced payment channel network. Finally, the comprehensive evaluation reveals that our solutions exhibit superior performance than the state-of-the-art schemes.  © 2005-2012 IEEE.;article;scopus;New Protocol;Performance;Other
222;2023;10.1109/JAS.2022.105911;"Zhang P.; Zhou M.; Li C.; Abusorrah A.";Dynamic Evolutionary Game-based Modeling, Analysis and Performance Enhancement of Blockchain Channels;The recent development of channel technology has promised to reduce the transaction verification time in blockchain operations. When transactions are transmitted through the channels created by nodes, the nodes need to cooperate with each other. If one party refuses to do so, the channel is unstable. A stable channel is thus required. Because nodes may show uncooperative behavior, they may have a negative impact on the stability of such channels. In order to address this issue, this work proposes a dynamic evolutionary game model based on node behavior. This model considers various defense strategies' cost and attack success ratio under them. Nodes can dynamically adjust their strategies according to the behavior of attackers to achieve their effective defense. The equilibrium stability of the proposed model can be achieved. The proposed model can be applied to general channel networks. It is compared with two state-of-the-art blockchain channels: Lightning network and Spirit channels. The experimental results show that the proposed model can be used to improve a channel's stability and keep it in a good cooperative stable state. Thus its use enables a blockchain to enjoy higher transaction success ratio and lower transaction transmission delay than the use of its two peers.  © 2014 Chinese Association of Automation.;article;scopus;Analysis;Performance;LN
223;2023;10.1109/ICNP59255.2023.10355626;"Zhang X.; Tesfai S.; Fang F.; Qian C.";Poster: Measurement on Lightning Network Performance;Off-chain networks have been designed and utilized to address the scalability challenge and throughput limitation of blockchains. The most widely used one, the Lightning Network (LN), has developed rapidly since its introduction in 2015. While much research has been dedicated to improving LN's routing efficiency, security protocols, and network analysis, there remains a gap in understanding how end-users should establish channels to optimize transaction efficiency. In this work, we conduct a holistic measurement study that focuses on the practical aspects of Lightning Network transaction performance. By evaluating transaction latency, fees, and success rates under diverse sce-narios, we provide users with actionable insights to enhance their network efficiency. Furthermore, our research aids those interested in leveraging the LN for transaction relaying, fostering a more efficient and dynamic network ecosystem. Through empirical findings and analytical deductions, we pave the way for users to harness the full potential of the Lightning Network and contribute to its ongoing growth and development. © 2023 IEEE.;conference paper;scopus;Analysis;Performance;LN
224;2024;10.1109/JIOT.2024.3416086;"Cai Q.; Chen J.; Luo D.; Sun G.; Yu H.; Guizani M.";Deter-Pay: A Deterministic Routing Protocol in Concurrent Payment Channel Network;Payment channel networks (PCNs) have emerged as a leading solution to address the scalability problem of blockchain-based cryptocurrencies. Within a PCN, two parties can efficiently conduct path-based off-chain transactions using the funds held in payment channels. Intermediaries involved in transaction routing charge a fee for their services. However, since transaction routing leads to highly dynamic and irreversible changes in channel balances, the success of transaction routing is difficult to guarantee, especially in the presence of concurrent transactions. Existing solutions for PCN routing either overlook the routing of concurrent transactions or impose high fees. In this paper, we propose a novel routing protocol Deter-Pay for concurrent payment channel networks, which improves the success rate of the transaction routing and minimizes transaction fees. Our protocol adopts the idea of the deterministic transaction request declaration and reserved balance feedback. By reserving a sufficient balance during the path probing process, we mitigate the risk of transaction failure caused by fluctuations in channel balances during transaction routing. Additionally, our protocol employs the cheapest path first strategy to select paths, thereby minimizing transaction fees. Extensive simulations show that Deter-Pay can significantly increase the successful transaction volume and reduce the transaction fee compared to the comparison algorithms. IEEE;article;scopus;New Protocol;Performance;LN
225;2024;;"Benedetti M.; De Sclavis F.; Galano G.; Giammusso S.; Muci A.; Nardelli M.";Impact of Layer-1 Characteristics on Scalability of Layer-2 Semi-Hierarchical Payment Channel Networks;Assessing the scalability of a payment channel network is crucial as it directly impacts the efficiency and user experience of blockchain-based payment systems used in high volumes transaction environments, such as Central Bank Digital Currencies (CBDCs). In this work, we present an analysis of the interaction between a Layer-2 Semi-Hierarchical Payment Channel Networks (SH-PCNs) and its Layer-1 blockchain technology. In particular, we focus on how blockchain features, such as latency, throughput and congestion, affect the payment success rate within a SH-PCN, in a scenario in which routing nodes try to keep the state of their channels balanced by exchanging off-ledger and on-ledger liquidity, a technique known as submarine swaps. We use a Parallel Discrete Event Simulator (PDES) for SH-PCNs, in which we incorporate a blockchain component to simulate the dynamics of a limited block size and non negligible block time. We simulate various scenarios, defined by: the total amount of liquidity locked in the channels, constant and variable payment load, blockchain congestion conditions and channel rebalancing strategies adopted by nodes. The experiments reveal how blockchain parameters like congestion rate significantly influence PCN performance metrics such as payment success rate. We conclude that, when designing a PCN for scalability, it's important to take into account that Layer-1 characteristics affect the optimal allocation of liquidity that is needed to match the target performances. © 2024 Copyright for this paper by its authors.;conference paper;scopus;Analysis;Performance;Other
226;2024;10.1109/TMC.2023.3328473;"Chen W.; Qiu X.; Cai Z.; Tang B.; Du L.; Zheng Z.";Graph Neural Network-Enhanced Reinforcement Learning for Payment Channel Rebalancing;Building on top of blockchain, payment channel networks-backed (PCNs) cryptocurrencies emerge as a promising solution for a mobile payment system with fewer intermediaries, more security, higher speed, and lower cost. A key problem for PCN is payment channel rebalancing, that is, finding a set of circular transactions that restore a PCN with skewed channel balances back into an equilibrium state. However, existing practice on payment channel rebalancing either has a hard limit on the problem size or tends to fall into local optimum. To address these challenges, we propose DRL-PCR, a Deep Reinforcement Learning-based Payment Channel Rebalancing algorithm. On one hand, DRL-PCR leverages the strong approximation ability of deep neural networks to handle large problem spaces. On the other hand, DRL-PCR decomposes the rebalancing problem into a sequence of decision-making problems and progressively builds the final solution. By aiming to find a globally optimized solution and solving the long-term optimization model of DRL, DRL-PCR is superior to greedy-based algorithms and can mitigate the risk of getting trapped in a local optimum. In particular, payment channel rebalancing typically involves dealing with graph-structured data, where the major obstacle lies in understanding the sophisticated circular dependencies between payment channels and routing paths. DRL-PCR achieves this by encoding the input data with a novel graph neural network-based model and capturing the circular dependencies through a customized message passing process. In addition, considering the distributed nature of PCN, DRL-PCR uses a leadership election protocol to elect leaders for decision-making. Evaluations on the historical data of two real-world PCNs demonstrate that DRL-PCR can restore the PCN to a more balanced state and improve the transaction throughput and success ratios by up to 2.1x and 1.6x, respectively.  © 2002-2012 IEEE.;article;scopus;New Protocol;Performance;LN
227;2024;10.1109/SERA61261.2024.10685617;"Jiang S.; Wu J.; Zuo F.";Utility-Based Routing in Payment Channel Networks: A Tradeoff Between Utility And Privacy;Payment channel networks (PCNs) have emerged as a viable solution to the scalability problem of blockchain systems. In PCNs, two peers can open a payment channel to transfer funds without publishing every transaction to a global blockchain. Payments can be routed between two unchanneled peers via a payment path, i.e., a sequence of adjacent payment channels. The routing protocol is the core of a PCN, since it regulates path discovery for transaction senders and receivers. Lots of routing algorithms have been proposed, most of which, however, lack either utility, i.e., a low payment success rate, or privacy, i.e., leaking channel balances. In this work, we first identify the utility-privacy tradeoff in existing routing algorithms. Aiming to trade privacy for utility, we propose a noised PCN by introducing a probabilistic model on the publicly-revealed channel balances. This enables us to express the reliability of a successful transaction for a given channel/path, Channel owners are allowed to select their own noise mechanisms, which directly link to routing fees they will charge. We further apply utility theory to design routing algorithms which achieve a balance between utility and privacy. Extensive simulations using a Lightning Network (LN) simulator called CLoTH have been conducted to validate the improvement in the payment success rate of the proposed architecture under different settings.  © 2024 IEEE.;conference paper;scopus;New Protocol;Performance;LN
228;2024;10.1145/3615979.3656052;"Galano G.; Giammusso S.; Nardelli M.";Modeling Central Bank Digital Currency over Payment Channels: A Parallel ROSS-based Approach;Payment Channel Networks (PCNs) promise to solve the scalability (and privacy) issue of blockchains. Understanding them is a key pillar to define a payment system, such as a blockchain-based Central Bank Digital Currency, that can correctly sustain a real load of payments. So far, only custom simulators of PCNs exist, which however allow us to evaluate only small-scale networks. In this paper, building on the existing literature, we design a PCN model suited to run in ROSS, a popular parallel discrete event simulator (PDES). This PCN model enables large-scale network analysis and readily fits the existing 3-tier banking system. After validating it, we show the benefits of exploiting a PDES to analyze large scale networks. Finally, we release the ROSS-based PCN model in open-source. © 2024 ACM.;conference paper;scopus;Analysis;Performance;Other
229;2024;10.1109/DS-RT62209.2024.00018;"Galano G.; Giammusso S.; Nardelli M.";Towards a Full Scale Simulation of a Central Bank Digital Currency Via Payment Channel Networks;PCNs are a promising solution for overcoming blockchain limitations, such as scalability and privacy, yet understanding their behavior in large-scale deployments remains challenging. Currently, only custom and sequential simulators for PCNs exist, which are limited to evaluating small-scale networks. Parallel simulations could prove fundamental to understanding PCNs and gaining insights to develop payment systems, such as blockchain-based Central Bank Digital Currencies, capable of handling real-world payment loads effectively. We presented CLoTH-over-ROSS, a PCN model inspired by the CLoTH framework suited to run in ROSS, a popular parallel discrete event simulator. In this paper, through extensive experimentation, we investigate the model's ability to scale as the number of available computing resources increases, highlighting its performance benefits and identifying critical bottlenecks that hinder the analysis of very large networks. These findings offer valuable insights for designing efficient and parallel PCN simulators, which can support the development of scalable blockchain-based solutions. © 2024 IEEE.;conference paper;scopus;Analysis;Performance;Other
230;2024;10.1145/3634737.3637653;"Kolachala K.; Ababneh M.; Vishwanathan R.";RACED: Routing in PAyment Channel NEtworks Using Distributed Hash Tables;The Bitcoin scalability problem has led to the development of off-chain financial mechanisms such as payment channel networks (PCNs) which help users process transactions of varying amounts, including micro-payment transactions, without writing each transaction to the blockchain. Since PCNs only allow path-based transactions, effective, secure routing protocols that find a path between a sender and receiver are fundamental to PCN operations. In this paper, we propose RACED, a routing protocol that leverages the idea of Distributed Hash Tables (DHTs) to route transactions in PCNs in a fast and secure way. Our experiments on real-world transaction datasets show that RACED gives an average transaction success ratio of 98.74%, an average pathfinding time of 31.242 seconds, which is 1.65 × 103, 1.8 × 103, and 4 × 102 times faster than three other recent routing protocols that offer comparable security/privacy properties. We rigorously analyze and prove the security of RACED in the Universal Composability framework. © 2024 Copyright held by the owner/author(s).;conference paper;scopus;New Protocol;Performance;LN
231;2024;10.1109/TDSC.2024.3354927;"Liu J.; Li P.; Zhang F.; Ren K.";monoCash: A Channel-Free Payment Network via Trusted Monotonic Counters;Cryptocurrencies such as Bitcoin and Ethereum are gaining popularity thanks to their prominent advantages compared to legacy financial transaction systems. However, they require all participants to reach a consensus on the order of transactions, which fundamentally limits their performance in terms of confirmation latency and throughput, thus hindering their further deployment. Off-chain payment network is the state-of-the-art approach of solving this performance issue. Unfortunately, all existing payment networks are based on payment channels, which bring extra overhead, cost and vulnerabilities. In this paper, by leveraging trusted monotonic counters, we propose monoCash, the first off-chain payment network that is channel-free, thereby it is one-hop, routing-free, concurrency-friendly, rebalancing-free and wormhole-resilient. We implement and deploy monoCash on a wide area network of 3 000 nodes. The benchmark shows that it provides a throughput up to 30 000 transactions per second (higher than credit card systems, e.g., VISA). © 2004-2012 IEEE.;article;scopus;New Protocol;Performance;Other
232;2024;10.1109/TSC.2023.3333806;"Liu Y.; Liang W.; Xie K.; Xie S.; Li K.; Meng W.";LightPay: A Lightweight and Secure Off-Chain Multi-Path Payment Scheme Based on Adapter Signatures;The payment channel network aims to solve the problems of long payment confirmation time and limited throughput in cryptocurrencies through off-chain payments. Hash Time-Lock Contract (HTLC) is an off-chain payment protocol that Lightning Network (LN) adopted. Unfortunately, when performing high-valued payments off-chain, due to the impact of payment channel capacity, it is often necessary to split a single payment, which increases the transaction fees and time. Therefore, we propose LightPay, an atomic off-chain multi-path payment protocol based on adapter signature and discrete logarithm problem. Among different conditions encoded in the multi-path contract, the multi-path transmission of a single high-valued payment can be realized under the premise of the unlinkability of partial payments. We construct an ideal functionality in the Universal Composability framework and demonstrate that LightPay UC-realizes it, thereby providing proof of its security and privacy. Experimental results indicate that the payment success rate of LightPay can be increased by 11.08% in 0.0025 BTC payments compared with the single-path payment protocol Multihop HTLC in LN. Additionally, compared with the multi-path payment protocol CryptoMaze, the communication overhead required by LightPay is reduced to about 55.6% on average in the simulated network. Overall, LightPay has advantages regarding payment success rate and overhead.  © 2008-2012 IEEE.;article;scopus;New Protocol;Performance;LN
233;2024;10.1093/comjnl/bxad029;"Liu Y.; Wu Y.; Zhao F.; Ren Y.";Balanced Off-Chain Payment Channel Network Routing Strategy Based On Weight Calculation;Off-chain payment channel network is an effective solution to deal with low throughput and high load on the blockchain. However, the quality of the routing scheme will directly affect the performance of the off-chain network system. Existing routing schemes cannot select an appropriate transaction path according to the actual needs of user nodes. And they may also lead to network congestion, channel imbalance and node centralization. This paper proposes a new balanced routing selection scheme based on weight calculation called BRBW, which builds a weight model by Analytic Hierarchy Process. BRBW comprehensively considers the channel capacity, handling fee and path length to improve transaction success rate, reduce channel congestion and maintain the long-term sustainability of the payment channel. It uses a modified maximum flow algorithm to find paths with sufficient capacity and selects the transaction path for a large payment through linear programming. Finally, we do some experiments and compare with state-of-the-art approaches in the test environment. Simulation results show that under the same network environment, the payment success rate of the BRBW is above 75%, and the channel utilization rate is about 10% higher than other schemes. © The British Computer Society 2023. All rights reserved.;article;scopus;New Protocol;Performance;LN
234;2024;10.1109/TNET.2024.3492034;"Ren Z.; Wang Z.; Li X.; Miao Y.; Li Z.; Liu X.; Han L.; Deng R.H.";Deep Reinforcement Learning Based Scheduling Strategy in Blockchain Payment Channel Networks;With the popularity of blockchains, low transaction throughput has become a significant bottleneck in applications such as cryptocurrencies. Payment channel networks (PCNs) have received attention as a way to improve throughput. However, due to the difficulty of predicting future transactions for nodes, the transactions are prone to failure when the channel balances do not meet required conditions. It has been shown that increasing buffers (queues) in PCNs can increase the success rate of transactions and throughput. Nevertheless, there is no effective transaction scheduling strategy in buffers when transaction values are flexible and variable. To solve this problem, we first formulate the Scheduling Problem in PCNs (named PSP), and then prove it is NP-hard. We design a neural network solver based on the Sequence to Sequence (Seq2Seq) architecture and train the solver using the reinforcement learning method. With the solver, we first give two scheduling strategies to maximize transaction throughput, and then design a PCN simulator for performance evaluation. Extensive experiments are conducted to show the superiority and various performances of our proposal and illustrate that our proposal can get a significant advantage in terms of the transaction throughput compared to the existing works.  © 2024 IEEE.;article;scopus;New Protocol;Performance;Other
235;2024;10.1007/978-3-031-54204-6_25;"Ndolo C.; Tschorsch F.";On the (Not So) Surprising Impact of Multi-Path Payments on Performance And Privacy in the Lightning Network;The Lightning network (LN) addresses Bitcoin’s scalability issues by providing fast and private payment processing. In order to mitigate failures caused by insufficient channel capacities, LN introduced multi-path payments. To the best of our knowledge, the effect of multi-path payments remains unclear. In this paper, we therefore study the impact of multi-path payments on performance and privacy. We identify metrics quantifying the aforementioned properties and utilise them to evaluate the impact of multi-path payments. To this end, we develop a simulator implementing pathfinding in LN using single and multi-path payments as well as various pathfinding algorithms. We find that, while the success rate of multi-path payments is up to 20% higher, the impact of multi-path payments on performance otherwise remains within limits. On the other hand, the impact on privacy appears to be greater, e.g., multi-path payments are more likely to encounter an on-path adversary and the relationship anonymity is more likely to be compromised by colluding intermediate hops. However, multi-path payments are less likely to be deanonymised based on the path lengths. © The Author(s), under exclusive license to Springer Nature Switzerland AG 2024.;conference paper;scopus;Analysis;Performance;LN
236;2024;10.1109/Blockchain62396.2024.00012;"Patti D.; Monteleone S.; Russo E.; Palesi M.; Catania V.";A Novel Timechain-Level Approach to the Modeling of the Bitcoin Lightning Network;The Lightning Network (LN) emerged in recent years as the most promising solution for scaling the Bitcoin network on a second layer. While the protocol specifications reached a relative maturity level, research efforts on higher-level challenges such as topology discovery, routing, and adversarial scenarios are still in their infancy. On the one hand, traditional network modelling approaches ignore the peculiarity of LN, that is, being based on a time-flow dictated by Bitcoin layer events. On the other, deploying thousands of actual nodes would require massive computational resources and, especially from an academic perspective, non-trivial interventions on complex production-stage code to test more experimental scenarios. With this work, we introduce the concept of Timechain-Ievel model, along with an open-source implementation, to abstract the complexity of the Lightning Network while still providing a vision of base layer events and protocol internals. After describing how each element of the model is mapped into the LN architectural stack, we show a case study to demonstrate its usage in investigating large-scale scenarios for research, development and educational purposes. Finally, we present a detailed comparison to properly contextualize our contribution to the current state of the art of LN modelling, highlighting the advancements introduced by a Timechain-level and future directions of research it opens.  © 2024 IEEE.;conference paper;scopus;Analysis;Performance;LN
237;2024;10.1109/TNSM.2024.3435484;"Sharma N.; Kapoor K.";Deadlock Prevention in Payment Channel Networks;"The use of blockchain-based cryptocurrencies has significantly increased over the last ten years; nevertheless, the broader acceptance of these currencies is hindered by scaling challenges. Payment Channel Networks (PCN), which operates as a layer two solution, presents itself as a viable option for augmenting the scalability of a blockchain network. In order to reduce the time and cost associated with the on-chain settlement, users have the option to conduct off-chain transactions through payment channels within their network. The growth of the PCN is expected to be accompanied by a corresponding increase in the number of transactions. However, the current distributed routing algorithms are unable to manage several simultaneous transactions due to deadlocks efficiently. We illustrate the possibility of deadlock in distributed routing algorithms. We prove that routing two transactions in PCN is NP-complete by reducing it from a two-commodity flow problem. In contrast to earlier work that avoided deadlock by exploiting locking or priority queues, our work emphasizes routing algorithms to avoid conditions for deadlock. We enhance the routing choices to minimize the number of saturated links that can cause deadlock. Resource allocation graphs are used to illustrate the necessary and sufficient conditions required for transactions to be in a deadlock. We also show how the dynamic behavior of resources can affect the deadlock situation in future timestamps. The deadlock trilemma and the relation between concurrency, resources, and deadlocks have also been discussed. The experimental evaluation shows that the proposed methodology yields an improvement in transaction count in the Speedy and the Webflow algorithms by 41% and 27%, respectively. IEEE";article;scopus;New Protocol;Performance;LN
238;2024;10.48550/arXiv.2411.17353;Salahshour, M., Shafiee, A., Tefagh, M.;Joint Combinatorial Node Selection and Resource Allocations in the Lightning Network using Attention-based Reinforcement Learning;The Lightning Network (LN) has emerged as a second-layer solution to Bitcoin’s scalability challenges. The rise of Payment Channel Networks (PCNs) and their specific mechanisms incentivize individuals to join the network for profit-making opportunities. According to the latest statistics, the total value locked within the Lightning Network is approximately $500 million1. Meanwhile, Joining the LN with the profit-making incentives presents several obstacles, as it involves solving a complex combinatorial problem that encompasses both discrete and continuous control variables related to node selection and resource allocation, respectively. Current research inadequately captures the critical role of resource allocation and lacks realistic simulations of the LN routing mechanism. In this paper, we propose a Deep Reinforcement Learning (DRL) framework, enhanced by the power of transformers, to address the Joint Combinatorial Node Selection and Resource Allocation (JCNSRA) problem. We have improved upon an existing environment by introducing modules that enhance its routing mechanism, thereby narrowing the gap with the actual LN routing system and ensuring compatibility with the JCNSRA problem. We compare our model against several baselines and heuristics, demonstrating its superior performance across various settings. Additionally, we address concerns regarding centralization in the LN by deploying our agent within the network and monitoring the centrality measures of the evolved graph. Our findings suggest not only an absence of conflict between LN’s decentralization goals and individuals’ revenue-maximization incentives but also a positive association between the two.;preprint;arxiv;Analysis;Performance;LN
239;2024;10.48550/arXiv.2410.13784;Saraswathi, S., Kümmerle, C.;An Exposition of Pathfinding Strategies Within Lightning Network Clients;"The Lightning Network is a peer-to-peer network designed to address Bitcoin’s scalability challenges, facilitating rapid, cost-effective, and instantaneous transactions through bidirectional, blockchain-backed payment channels among network peers. Due to a source-based routing of payments, different pathfinding strategies are used in practice, trading off different objectives for each other such as payment reliability and routing fees. This paper explores differences within pathfinding strategies used by prominent Lightning Network node implementations, which include different underlying cost functions and different constraints, as well as different greedy algorithms of shortest path-type. Surprisingly, we observe that the pathfinding problems that most LN node implementations attempt to solve are NP-complete, and cannot be guaranteed to be optimally solved by the variants of Dijkstra’s algorithm currently deployed in production. Through comparative analysis and simulations, we evaluate efficacy of different pathfinding strategies across metrics such as success rate, fees, path length, and timelock. Our experiments indicate that the strategies used by Eclair are advantageous in terms of payment reliability and result in paths with low fees. LND exhibits moderate success rates, while LDK results in paths with higher fee levels for smaller payment amounts; furthermore, CLN stands out for its minimal timelock paths. Additionally, we investigate the impact of Lightning node connectivity levels on routing efficiency. The findings of our analysis provide insights towards future improvements of pathfinding strategies and algorithms used within the Lightning Network.";preprint;arxiv;Analysis;Performance;LN
240;2024;10.1109/BRAINS63024.2024.10732211;"Tortola D.; Pelosi A.; Di Biase A.; Ricci L.";Developing Payment Channels on the Algorand Blockchain;Blockchain technologies have emerged as secure and decentralized solutions to achieve consensus between mutual distrustful parties. However, after a recent widespread adoption in several domains, some serious scalability issues arised, causing low throughput and high transaction fees. Payment channel networks allow off-chain payments relying on the blockchain for channel opening and closure only. This allows to execute fast and cheap off-chain transactions without compromising security. Even if the most important example of a channel network is the Bitcoin's Lightning Network, other more scalable blockchains could benefit from similar solutions to decrease the load on the main chain. In this paper, we propose a design and an implementation of a payment channel system based on the Algorand blockchain. A set of experimental evaluations show that a small number of off-chain transactions is sufficient to achieve better performance, both in term of cost and execution time, compared to the solution that executes all transactions on-chain. © 2024 IEEE.;conference paper;scopus;New Protocol;Performance;Other
241;2024;10.1016/j.comnet.2024.110297;"Valko D.; Kudenko D.";Reducing CO2 emissions in a peer-to-peer distributed payment network: Does geography matter in the lightning network?;Bitcoin, Ethereum and other blockchain-related globally distributed peer-to-peer networks have become an important payment infrastructure. Because they are naturally decentralized and distributed, they can consume resources unevenly, raising some sustainability concerns. The Lightning Network (LN) is a growing but understudied second layer network built on blockchain infrastructure and designed to make fast and anonymous global multi-pass payments. At a conservative estimate, this infrastructure produces about 1.4 million tons of carbon dioxide (CO2) per year. Thus, in this paper, we aim to justify a general approach to consider topology and the geographical distribution of this type of network in the design and investigate ways to prevent excessive CO2 emissions. While the LN itself shows great promise as a scalable and widely adopted solution, there has been limited research exploring its structure, distribution, and performance from a sustainability perspective. This study contributes to analyzing the LN's topology, geospatial distribution, and pathfinding algorithms. By examining real-world data snapshots of the LN, we investigate the relationship between payment routes that are produced by native pathfinding algorithms, geographical distribution of the network and the carbon intensity of electricity in the countries involved in the final payment paths. Our analysis highlights the important structural and geospatial characteristics of the LN and reveals a significant correlation between the length of payment paths, geographical distance, carbon intensity of electricity and other features. To tackle sustainability concerns, we propose an original pathfinding heuristic that effectively prevents excessive carbon dioxide emissions in LN infrastructure. Our computational experiments have shown that, under optimal parameters, such a heuristic can prevent the associated CO2 emissions both directly – by limiting path lengths, number of intercountry and intercontinental hops – and indirectly — by giving more weight to channels covering places with lower carbon intensity of electricity. Technically, the highest result it achieves is as follows: the average path length reduced by 28.7%, the average number of intercontinental hops by 28.7%, the average number of intercountry hops by 21.3%, and the average carbon intensity by 9.4%. This solution also maintains a compromise between the average locktimes and fee ratios. In conclusion, we discuss that geographic distribution is a rather important characteristic of decentralized peer-to-peer payment networks, which is usually underestimated at the network design stage. © 2024 Elsevier B.V.;article;scopus;New Protocol;Performance;LN
242;2024;10.1007/s00521-024-10588-2;"Valko D.; Kudenko D.";Increasing energy efficiency of bitcoin infrastructure with reinforcement learning and one-shot path planning for the lightning network;The lightning network (LN) is a technological solution designed to solve the bitcoin blockchain transaction speed problem by introducing off-chain transactions. Since LN is a sparse and highly distributed network with three predominant routing protocols, its native pathfinding algorithms can potentially find multi-hop payment paths similar from the payment sender’s perspective, but the algorithms themselves have different performance, computational cost, energy consumption, and ultimately different CO2 emissions per step in the pathfinding phase. Bitcoin itself generates approximately 61.4 million tons of CO2 eq. per year. Since the LN is built on top of bitcoin, every small change in its energy consumption can have a significant impact on overall pollution. In this paper, we show that the reinforcement learning (RL) approach can reduce these costs and achieve better performance in terms of energy consumption at each pathfinding step. We introduce one-shot path prediction and propose a RL solution for a network agent that learns its neighborhood and uses local knowledge to cleverly solve the pathfinding problem and outperform native pathfinding algorithms. © The Author(s), under exclusive licence to Springer-Verlag London Ltd., part of Springer Nature 2024.;article;scopus;New Protocol;Performance;LN
243;2024;10.1109/INFOCOM52122.2024.10621092;"Wei Q.; Yang D.; Yu R.; Xue G.";Thor: A Virtual Payment Channel Network Construction Protocol over Cryptocurrencies;Payment Channel Networks (PCNs) have been proposed as a second-layer solution to the scalability issue of blockchain-based cryptocurrencies, most developed systems still lack effective strategies for further scalability solutions. Virtual payment channel (VPC) has been proposed as an off-chain technique that avoids the involvement of intermediaries for payments in a PCN. However, there is no research on how to efficiently construct VPCs while considering the characteristics of the underlying PCN. To fill this void, this paper focuses on the VPC construction in a PCN. More specifically, we propose a metric, Capacity to the Number of Intermediaries Ratio (CNIR), to consider both the capacity of the constructed VPC and the collateral locked by the involved users. We first study the VPC construction problem for a single pair of users and design an efficient algorithm that achieves the optimal CNIR. Based on this, we propose Thor, a protocol that constructs a virtual payment channel network (VPCN) for multiple pairs. Evaluation results show that Thor can efficiently construct a VPCN and outperform baseline algorithms in terms of the CNIR. © 2024 IEEE.;conference paper;scopus;New Protocol;Performance;LN
244;2024;10.48550/arXiv.2403.15191;Wu, D., Liu, J., Hou, Z., Wen, W., Ren, K.;VORTEX: Real-Time Off-Chain Payments and Cross-Chain Swaps for Cryptocurrencies;In this paper, we present VORTEX, a TEE-based layer-2 solution that tackles two crucial challenges in the realm of cryptocurrencies: off-chain payments and cross-chain swaps. It offers three notable features: • Channel-free off-chain payments: it allows a payer to make direct payments to anyone without requiring any on-chain relationship or intermediary channels. • Real-time yet decentralized cross-chain swaps: it is the first known solution that enables real-time cross-chain swaps without relying on a central server. This novel feature is made possible through a ground-breaking fair exchange protocol. • TEE crash-tolerance: it offers two solutions to handle TEE crashes, one of which involves an innovative application of time-lock puzzles in this context. We evaluate VORTEX on a network consists of 1 000 nodes and the evaluation results show that VORTEX can achieve 7 000 TPS.;preprint;arxiv;New Protocol;Performance;Other
245;2024;10.1109/TNET.2024.3423000;"Zhang X.; Qian C.";Toward Aggregated Payment Channel Networks;Payment channel networks (PCNs) have been designed and utilized to address the scalability challenge and throughput limitation of blockchains. It provides a high-throughput solution for blockchain-based payment systems. However, such 'layer-2' blockchain solutions have their own problems: payment channels require a separate deposit for each channel of two users. Thus it significantly locks funds from users into particular channels without the flexibility of moving these funds across channels. In this paper, we proposed Aggregated Payment Channel Network (APCN), in which flexible funds are used as a per-user basis instead of a per-channel basis. To prevent users from misbehaving such as double-spending, APCN includes mechanisms that make use of hardware trusted execution environments (TEEs) to control funds, balances, and payments. The distributed routing protocol in APCN also addresses the congestion problem to further improve resource utilization. Our prototype implementation and simulation results show that APCN achieves significant improvements on transaction success ratio with low routing latency, compared to even the most advanced PCN routing.  © 1993-2012 IEEE.;article;scopus;New Protocol;Performance;LN
246;2024;10.1007/978-981-97-5609-4_37;Zhao S.;A Routing Algorithm for Frequent Micropayments Based on Payment Channel Networks;Payment channel networks allow for low-cost transactions through bi-directional channels on the blockchain. However, routing in payment channel networks is an urgent challenge that needs to be addressed. We present a payment channel network routing algorithm for frequent micropayments that enables quick adaptation to change in network topology and enhances transaction success rates. The algorithm rebalances payment channels without scheduling nodes, improving fund utilization rates in channels with limited capacity. Through experiments and performance evaluations, we have verified the reliability and effectiveness of the algorithm. Results show that the proposed routing algorithm can be applied to large-scale networks for frequent micropayments. © The Author(s), under exclusive license to Springer Nature Singapore Pte Ltd. 2024.;conference paper;scopus;New Protocol;Performance;Other
247;2025;10.1109/TNSM.2025.3555174;"Chen J.; Cai Q.; Sun G.; Yu H.; Niyato D.";CRP: A Cluster-Based Routing Protocol for Lightweight Nodes in Payment Channel Networks;Although blockchain empowers the IoT trading market and presents new development opportunities for IoT, scalability issues of blockchain limit its application in this area. Payment Channel Networks (PCNs) have emerged as a promising solution to address the scalability issues. With the help of routing protocols, two users can utilize payment channels to conduct off-chain transactions. However, most Payment Channel Network (PCN) routing protocols overlook the scalability of PCNs, resulting in substantial storage, communication, and computational overhead for lightweight nodes, such as IoT devices. Additionally, frequent utilization of a payment channel can quickly exhaust the channel’s balance, leading to congestion and causing subsequent payments to fail. Channel congestion restricts the throughput of PCNs, yet most PCN routing protocols lack designs for channel congestion control. In this paper, we propose a Cluster-based scalable and high-throughput Routing Protocol (CRP), to enhance the scalability and throughput of PCNs. CRP organizes PCNs into clusters to reduce the average routing table size, thereby alleviating users’ storage, communication, and computational overhead. Furthermore, CRP aims to minimize maximum channel congestion when selecting payment routes, thereby improving throughput. Extensive simulations demonstrate that CRP achieves high scalability and throughput compared to state-of-the-art PCN routing protocols. © 2004-2012 IEEE.;article;scopus;New Protocol;Performance;LN
248;2025;10.1109/TDSC.2024.3424212;"Ge Z.; Wang C.; Long Y.; Gu D.";Shaduf++: Non-Cycle and Privacy-Preserving Payment Channel Rebalancing;Payment channels serve as a promising solution to improving the scalability of permissionless blockchains, each of which allows two users to perform off-chain payments with almost unlimited frequency. Nevertheless, the payment channel risks encountering fund depletion, which threatens the availability of off-chain payments. The most recent method needs a cycle-based channel rebalancing procedure, which requires a fair leader and users with rebalancing demands forming directed cycles in the network. Therefore, its large-scale applications are restricted. Moreover, the privacy issue is not considered, leading to the leakage of rebalancing information. In this work, we introduce Shaduf++, a novel non-cycle off-chain rebalancing protocol that offers a new solution for users to shift coins among any channels to which they belong directly without relying on the cycle setting, and therefore could be applied to more general rebalancing scenarios. Furthermore, utilizing the cryptography primitives, including the commitment and the range proof schemes, Shaduf++ preserves the privacy for the rebalancing operations. We provide the details of Shaduf++ and formally prove its security under the Universal Composability framework. Our prototype demonstrates its feasibility and the experimental evaluation shows that Shaduf++ enhances the Lighting Network performance in payment success ratio and volume.  © 2004-2012 IEEE.;article;scopus;New Protocol;Performance;LN
249;2025;10.48550/arXiv.2501.11419;Corcoran, P., Lewis, R.;An Analysis of the Correctness and Computational Complexity of Path Planning in Payment Channel Networks;Payment Channel Networks (PCNs) are a method for improving the scaling and latency of cryptocurrency transactions. For a payment to be made between two peers in a PCN, a feasible low-fee path in the network must be planned. Many PCN path planning algorithms use a search algorithm that is a variant of Dijkstra's algorithm. In this article, we prove the correctness and computational complexity of this algorithm. Specifically, we show that, if the PCN satisfies a consistency property relating to the fees charged by payment channels, the algorithm is correct and has polynomial computational complexity. However, in the general case, the algorithm is not correct and the path planning problem is NP-hard. These newly developed results can be used to inform the development of new or existing PCNs amenable to path planning. For example, we show that the Lightning Network, which is the most widely used PCN and is built on the Bitcoin cryptocurrency, currently satisfies the above consistency property. As a second contribution, we demonstrate that a small modification to the above path planning algorithm which, although having the same asymptotic computational complexity, empirically shows better performance. This modification involves the use of a bidirectional search and is empirically evaluated by simulating transactions on the Lightning Network.;preprint;arxiv;Analysis;Performance;LN
250;2025;10.1109/ACCESS.2025.3578310;"Eres A.M.; Babac M.B.";Analysis of the Impact of the Collateral Funds in Payment Channel Networks;This paper provides results and conclusions of empirical analysis of two protocols intended for handling blockchain transactions in the Lightning Network (LN), Blitz and HTLC. HTLC protocol is already implemented and widely adopted protocol in the Lightning Network. Blitz is a newer protocol, not yet implemented in the Lightning Network. The objective of this paper is to compare two protocols which operate over payment channel networks (PCN), and to conduct experiments that display advantages of the Blitz protocol. Experiments are made on generated transactions based on the topology of a real LN snapshot.  © 2013 IEEE.;article;scopus;Analysis;Performance;LN
251;2025;10.1109/ACCESS.2025.3527746;"Jin A.; Ye Y.; Lee B.; Li X.; Qiao Y.";PaySwitch: Smart Contract-Based Payment Switch for Off-Chain Payment Channel Networks;Payment channel networks (PCNs) are a viable solution to the issue of blockchain scalability by offering off-chain transactions between two untrusted peers, without committing each transaction to the blockchain. The payment channel cannot be used when its deposit is depleted, which hinders the payment completion, such as it is overly utilized in one direction. However, they cannot migrate the deposit from one channel to another to facilitate payment completion when a depletion in the channel deposit arises. This limitation arises from the basic design assumption of payment channels, i.e., each channel is independent from others. To overcome this limitation, this paper proposes PaySwitch, inspired by the traditional network switch, to enable connecting multiple payment channels through one PaySwitch smart contract. PaySwitch is designed to enable any peer in the PaySwitch to dynamically reallocate the deposits in their payment channels while maintaining the independence of each other to ensure the trustworthiness of the channel. This paper presents the security definition of PaySwitch and formally proves its security using the UC-framework. To demonstrate the feasibility of PaySwitch, this paper applies it to several routing algorithms. The experimental results show that PaySwitch is capable of improving the transaction success rate and throughput compared with the traditional payment channel based approaches.  © 2025 The Authors.;article;scopus;New Protocol;Performance;Other
252;2025;10.1109/TNSM.2025.3542960;"Kotzer A.; Ladóczki B.; Tapolcai J.; Rottenstreich O.";Addressing Scalability Issues of Blockchains With Hypergraph Payment Networks;Payment channels are auspicious candidates in layer-2 solutions to reduce the number of on-chain transactions on traditional blockchains and increase transaction throughput. To construct payment channels, peers lock funds on 2-of-2 multisig addresses and open channels between one another to transact via instant peer-to-peer transactions. Transactions between peers without a direct channel are made possible by routing the payment over a series of adjacent channels. In certain cases, this can lead to relatively low transaction success rates and high transaction fees. In this work, we introduce pliability to constructing payment channels and graft edges with more than two endpoints into the payment graph. We refer to these constructions as hyperedges. We present hyperedge-based topologies to form hypergraphs and compare them to Bitcoin’s Lightning network and other state-of-the-art solutions. The results demonstrate that hyperedge-based implementations can both increase transaction success rate, in addition to decreasing the network cost by more than 50% compared to that of the Lightning Network. © 2004-2012 IEEE.;article;scopus;New Protocol;Topology;LN
253;2025;10.1109/TDSC.2024.3521437;"Liu Y.; Li P.; Li D.; Wu C.; Jiang N.; Wu Q.; Gangwal A.; Tiwari P.; Conti M.";SharHSC: A Sharding-Based Hybrid State Channel to Realize Blockchain Scalability and Security;Addressing blockchain's insufficient throughput and scalability is imperative for practical viability. Off-chain approaches, such as state channels (including Hash Time Lock Contract (HTLC), virtual channels), demonstrate enhanced throughput by enabling parallel transaction processing. While virtual channels introduce execution complexity, HTLC suffers from high update delays. Moreover, existing methods face network attacks. We present Sharding-based Hybrid State Channel (SharHSC) to address these issues. First, we introduce a novel off-chain sharding architecture, which partitions proxy nodes into multiple shards. Thus, when the off-chain node count increases, adding shards enhances system throughput. Second, each shard establishes a supervisory committee to record latest channel statuses to ensure accurate fund distribution upon channel closure. Third, we combine the strengths of HTLC and virtual channels. In particular, SharHSC constructs a single virtual channel across all the nodes involved in the payment by treating the nodes between payer and payee as an intermediate entity, which utilizes HTLC for fund routing. This realizes both low latency and streamlined complexity. Finally, our work is substantiated by security analysis and experiments. As the node number varies, compared with HTLC and virtual channels, the latency is reduced by 49.32% and 31.82%, and the throughput is increased by 8.93 and 1.89 times. © 2004-2012 IEEE.;article;scopus;New Protocol;Performance;Other
254;2025;10.1109/LNET.2024.3520350;"Mishra S.; Aggarwal V.; Pal S.; Agarwal V.";HeRo: Heuristic-Based Routing in Payment Channel Networks;Payment channels support off-chain transactions by enhancing transaction speed and reducing fees in the main blockchain. However, the costs and complexity of the network increase as we increase the size of the network. To address these challenges, we propose Heuristic-Based Routing with Scheduling (HeRo) combining heuristic-based routing and scheduling techniques in Payment Channel Networks (PCNs). HeRo achieves a cost reduction of 32.71% and 73.08% compared with multi-charge PCN (MPCN-RP) and Dijkstra algorithms, respectively.  © 2019 IEEE.;article;scopus;New Protocol;Performance;LN
255;2025;10.1109/TNSE.2024.3522198;"Sharma N.; Kapoor K.";MaxREE: Maximizing Flow by Replacing Exhausted Edges in Lightning Network;Blockchain-based cryptocurrencies have grown rapidly over the past decade, but issues with scalability are limiting their wider adoption. Payment Channel Network, a layer two solution, is an alternative for enhancing the scalability of a blockchain network. Two users can engage in some off-chain transactions via payment channels in the network they build in order to avoid the time and expense of on-chain settlement. The number of nodes in the Bitcoin payment channel network has nearly doubled over the last two years, and this network size is proliferating. The number of transactions on the network will increase along with its growth. However, the existing distributed routing algorithms cannot effectively schedule several concurrent transactions due to their static nature. We propose the maxREE algorithm, which efficiently handles concurrent transactions with negligible overhead. Our algorithm considers substituting the necessary edges with superior alternatives to prevent the saturation of a channel's directional capacity while maintaining the height of the underlying routing tree. The transaction flow was enhanced by our proposed algorithm's self-rebalancing and link load sharing. Without compromising network privacy, the unused links are dynamically substituted for the congested ones. We have also developed a simulator, called DRLNsim, to compare our algorithm with existing techniques. On the simulator, the routing approaches are examined using multiple custom network sizes. The proposed method enabled concurrent transactions 58% more effectively on average than existing techniques. The simulation's outcomes mirror the patterns found through theoretical study.  © 2013 IEEE.;article;scopus;New Protocol;Performance;LN
256;2025;10.1016/j.engappai.2025.110225;"Valko D.; Kudenko D.";Hybrid pathfinding optimization for the Lightning Network with Reinforcement Learning;Payment channel networks, such as Bitcoin's Lightning Network, have emerged to address blockchain scalability issues, enabling rapid transactions. Despite their potential, these networks often experience payment failures due to delays in pathfinding, unreliable routes and infrastructure issues, resulting in excessive carbon emissions. Current reinforcement learning solutions for payment channel networks mainly address issues like payment channel balance and routing fees but often overlook the infrastructure-related causes of payment failure. This paper introduces a novel reinforcement learning-based architecture that combines reinforcement learning agent with native deterministic pathfinding algorithms. This hybrid approach leverages the fast, complete solutions of deterministic algorithms while adapting to the network's dynamic and probabilistic nature of payments to significantly enhance payment success rates. Experiments on real network snapshots show that this approach outperforms native pathfinding algorithms and state-of-the-art static optimization methods, providing improved reliability and efficiency in dynamic network conditions. In scenarios with payment failure rates greater than 5%, the proposed approach achieves a 10% higher payment success rate than existing methods, while maintaining balanced performance on economic key metrics such as the payment fee and throughput, and on sustainability key metrics such as payment path length, number of inter-country/continental hops, and average carbon intensity. © 2025 Elsevier Ltd;article;scopus;Modified Protocol;Performance;LN
257;2025;10.1109/TDSC.2025.3541726;"Xu M.; Li Y.; Shi C.; Zhang Y.; Niu Y.; Xu F.; Zhong S.";OPRE: Towards Better Availability of PCNs Through Recovering;The Payment Channel Network (PCN) stands out as one of the most promising technologies for scaling blockchain-based cryptocurrencies. However, a noteworthy challenge arises during the utilization of PCNs, where a substantial portion of payment channels gradually becomes exhausted, leading to a reduction in the overall availability of PCNs. This issue is crucial in the context of blockchain off-chain PCNs and warrants a comprehensive investigation. In this paper, we introduce the problem of optimal recover and propose OPtimal REcovering protocols, denoted as OPRE and OPRE+, to address this challenge. The protocols target at recovering the optimal number of nearly exhausted channels in the PCN. OPRE provides a basic solution, and OPRE+ is an augmentation which provides a more efficient and effective solution. Furthermore, to address users’ privacy concerns, we propose privacy-preserving versions of the protocols, ensuring that users’ balance on payment channels remains undisclosed during the execution of the protocols. Beyond the theoretical design and analysis, we implement these protocols and conduct experimental evaluations to assess their performance. The results affirm that our protocols exhibit efficiency and effectiveness in significantly improving the availability of PCNs. © 2004-2012 IEEE All rights reserved.;article;scopus;New Protocol;Performance;LN
258;2025;10.48550/arXiv.2504.20536;Xu M., Yu W., Shang G., ...Zhang Y., Cheng, X.;Starfish: Rebalancing Multi-Party Off-Chain Payment Channels;Blockchain technology has revolutionized the way transactions are executed, but scalability remains a major challenge. Payment Channel Network (PCN), as a Layer-2 scaling solution, has been proposed to address this issue. However, skewed payments can deplete the balance of one party within a channel, restricting the ability of PCNs to transact through a path and subsequently reducing the transaction success rate. To address this issue, the technology of rebalancing has been proposed. However, existing rebalancing strategies in PCNs are limited in their capacity and efficiency. Cycle-based approaches only address rebalancing within groups of nodes that form a cycle network, while non-cycle-based approaches face high complexity of on-chain operations and limitations on rebalancing capacity. In this study, we propose Starfish, a rebalancing approach that captures the star-shaped network structure to provide high rebalancing efficiency and large channel capacity. Starfish requires only N-time on-chain operations to connect independent channels and aggregate the total budget of all channels. To demonstrate the correctness and advantages of our method, we provide a formal security proof of the Starfish protocol and conduct comparative experiments with existing rebalancing techniques.;preprint;arxiv;New Protocol;Performance;LN
259;2025;10.48550/arXiv.2501.04236;Yang L., Dong X., Wang W., ...Tian W., Shen Y.;Splicer+: Secure Hub Placement and Deadlock-Free Routing for Payment Channel Network Scalability;Payment channel hub (PCH) is a promising approach for payment channel networks (PCNs) to improve efficiency by deploying robust hubs to steadily process off-chain transactions. However, existing PCHs, often preplaced without considering payment request distribution across PCNs, can lead to load imbalance. PCNs' reliance on source routing, which makes decisions based solely on individual sender requests, can degrade performance by overlooking other requests, thus further impairing scalability. In this paper, we introduce Splicer+, a highly scalable multi-PCH solution based on the trusted execution environment (TEE). We study tradeoffs in communication overhead between participants, transform the original NP-hard PCH placement problem by mixed-integer linear programming, and propose optimal/approximate solutions with load balancing for different PCN scales using supermodular techniques. Considering global PCN states and local directly connected sender requests, we design a deadlock-free routing protocol for PCHs. It dynamically adjusts the payment processing rate across multiple channels and, combined with TEE, ensures high-performance routing with confidential computation. We provide a formal security proof for the Splicer+ protocol in the UC-framework. Extensive evaluations demonstrate the effectiveness of Splicer+, with transaction success ratio (↑51.1%), throughput (↑181.5%), and latency outperforming state-of-the-art PCNs.;preprint;arxiv;New Protocol;Performance;LN
260;2017;10.48550/arXiv.1711.02597;Engelmann, F., Kopp, H., Kargl, F., Glaser, F., Weinhardt, C.;Towards an economic analysis of routing in payment channel networks;Payment channel networks are supposed to overcome technical scalability limitations of blockchain infrastructure by employing a special overlay network with fast payment confirmation and only sporadic settlement of netted transactions on the blockchain. However, they introduce economic routing constraints that limit decentralized scalability and are currently not well understood. In this paper, we model the economic incentives for participants in payment channel networks. We provide the first formal model of payment channel economics and analyze how the cheapest path can be found. Additionally, our simulation assesses the long-term evolution of a payment channel network. We find that even for small routing fees, sometimes it is cheaper to settle the transaction directly on the blockchain.;preprint;arxiv;Analysis;Economics;LN
261;2018;10.1007/978-3-030-00305-0_6;"Avarikioti G.; Janssen G.; Wang Y.; Wattenhofer R.";Payment Network Design with Fees;Payment channels are the most prominent solution to the blockchain scalability problem. We introduce the problem of network design with fees for payment channels from the perspective of a Payment Service Provider (PSP). Given a set of transactions, we examine the optimal graph structure and fee assignment to maximize the PSP’s profit. A customer prefers to route transactions through the PSP’s network if the cheapest path from sender to receiver is financially interesting, i.e., if the path costs less than the blockchain fee. When the graph structure is a tree, and the PSP facilitates all transactions, the problem can be formulated as a linear program. For a path graph, we present a polynomial time algorithm to assign optimal fees. We also show that the star network, where the center is an additional node acting as an intermediary, is a near-optimal solution to the network design problem. © Springer Nature Switzerland AG 2018.;conference paper;scopus;Analysis;Economics;Other
262;2018;10.4230/LIPIcs.ISAAC.2018.16;"Avarikioti G.; Wang Y.; Wattenhofer R.";Algorithmic channel design;"Payment networks, also known as channels, are a most promising solution to the throughput problem of cryptocurrencies. In this paper we study the design of capital-efficient payment networks, offline as well as online variants. We want to know how to compute an efficient payment network topology, how capital should be assigned to the individual edges, and how to decide which transactions to accept. Towards this end, we present a flurry of interesting results, basic but generally applicable insights on the one hand, and hardness results and approximation algorithms on the other hand. © Georgia Avarikioti, Yuyi Wang, and Roger Wattenhofer;";conference paper;scopus;Analysis;Economics;Other
263;2018;10.1109/Cybermatics_2018.2018.00209;"Di Stasi G.; Avallone S.; Canonico R.; Ventre G.";Routing Payments on the Lightning Network;Bitcoin is a new digital currency created with the aim of being decentralized, peer-To-peer, censorship-resistant, borderless, scarce, fast and cheap to use. Since Bitcoin main way of operating is based on broadcast communications, e.g. all transactions of the currency reach all network peers, how to achieve scalability is one of the most important concerns for it to achieve wide usage. One of the proposals to improve its scalability takes the form of the Lightning Network (LN) which consists of an overlay network on top of the base Bitcoin layer. Such an overlay allows to perform a new kind of off-blockchain transactions, i.e.Transactions not broadcast to the entire network, that, differently from previous off-blockchain solutions, do not require to put trust in any third entity. Important open problems of the LN are i) defining how payments should be routed and ii) establishing which fee policies intermediate nodes should apply for forwarding payments. The contributions of this work are twofold: we first propose a new, more general, way for nodes to apply fees for forwarding payments which allows to keep the network balanced and improve its performance in the long term. Secondly, we propose a new multipath routing payment scheme, based on the atomic multipath payment method, which is able to significantly reduce the fees paid by users, while being fast and also able to keep the network balanced. © 2018 IEEE.;conference paper;scopus;New Protocol;Economics;LN
264;2018;10.1109/PADSW.2018.8644930;"Jun Ren A.H.; Feng L.; Cheong S.A.; Goh R.S.M.";Optimal Fee Structure for Efficient Lightning Networks;Off-chain transaction handling like the Lightning Network (LN) is among the most promising solutions to solve the scaling challenges in blockchain technology like Bitcoin. At the same time, the LN faces its own challenges like transaction path lengths, centralization of channels (hubs), channel imbalances (depletion), etc. Here we study the effects of payment channel fees on these various factors. To get realistic insights, we based our study on empirical Bitcoin transaction patterns and existing LN structure, and apply a simple form of fee structure with only one tunable parameter, α, that is most influential on the transaction routing paths. We assume the transactions through the LN take the path of the lowest aggregate fees, and found as a consequence that one cannot have short average path lengths and low overall channel imbalances at the same time. A good compromise is to have fees proportional to the square root of the channel capacity, such that reasonably short path lengths and overall balanced channel capacities can be achieved that makes the operation of the LN more sustainable. © 2018 IEEE.;conference paper;scopus;Analysis;Economics;LN
265;2019;10.1007/978-3-030-31500-9_12;"Avarikioti G.; Scheuner R.; Wattenhofer R.";Payment Networks as Creation Games;Payment networks were introduced to address the limitation on the transaction throughput of popular blockchains. To open a payment channel one has to publish a transaction on-chain and pay the appropriate transaction fee. A transaction can be routed in the network, as long as there is a path of channels with the necessary capital. The intermediate nodes on this path can ask for a fee to forward the transaction. Hence, opening channels, although costly, can benefit a party, both by reducing the cost of the party for sending a transaction and by collecting the fees from forwarding transactions of other parties. This trade-off spawns a network creation game between the channel parties. In this work, we introduce the first game theoretic model for analyzing the network creation game on blockchain payment channels. Further, we examine various network structures (path, star, complete bipartite graph and clique) and determine for each one of them the constraints (fee value) under which they constitute a Nash equilibrium, given a fixed fee policy. Last, we show that the star is a Nash equilibrium when each channel party can freely decide the channel fee. On the other hand, we prove the complete bipartite graph can never be a Nash equilibrium, given a free fee policy. © Springer Nature Switzerland AG 2019.;conference paper;scopus;Analysis;Economics;LN
266;2019;10.1007/978-3-030-31500-9_13;"Galal H.S.; ElSheikh M.; Youssef A.M.";An Efficient Micropayment Channel on Ethereum;Blockchain protocols for cryptocurrencies offer secure payment transactions, yet their throughput pales in comparison to centralized payment systems such as VISA. Moreover, transactions incur fees that relatively hinder the adoption of cryptocurrencies for simple daily payments. Micropayment channels are second layer protocols that allow efficient and nearly unlimited number of payments between parties at the cost of only two transactions, one to initiate it and the other one to close it. Typically, the de-facto approach for micropayment channels on Ethereum is to utilize digital signatures which incur a constant gas cost but still relatively high due to expensive elliptic curve operations. Recently, ElSheikh et al. have proposed a protocol that utilizes hash chain which scales linearly with the channel capacity and has a lower cost compared to the digital signature based channel up to a capacity of 1000 micropayments. In this paper, we improve even more and propose a protocol that scales logarithmically with the channel capacity. Furthermore, by utilizing a variant of Merkle tree, our protocol does not require the payer to lock the entire balance at the channel creation which is an intrinsic limitation with the current alternatives. To assess the efficiency of our protocol, we carried out a number of experiments, and the results prove a positive efficiency and an overall low cost. Finally, we release the source code for prototype on Github (https://github.com/HSG88/Payment-Channel). © Springer Nature Switzerland AG 2019.;conference paper;scopus;New Protocol;Economics;Other
267;2019;10.1007/978-3-030-36938-5_30;"Pan C.; Tang S.; Ge Z.; Liu Z.; Long Y.; Liu Z.; Gu D.";Gnocchi: Multiplexed Payment Channels for Cryptocurrencies;As the underlying technology of mainstream cryptocurrencies such as Bitcoin and Ethereum, blockchain builds a decentralized payment system. However, the security and consistency of such system derive from the wide replication of transaction data and expensive distributed consensus mechanism, which makes current cryptocurrencies suffer great scalability gap from meeting commercial demand. To date, several solutions have been proposed to solve the scalability bottleneck of blockchain systems such as Bitcoin-NG, sharding mechanism and off-chain payment network. The off-chain payment network is one of the most promising approaches since it could significantly extend the throughput of the system and provide cheap instant micro-payment. In this work, we introduce Gnocchi, a multiplexed off-channel payment channel scheme that offers a novel method to construct an off-channel payment system to allow multi-party payment in one channel. We formally model our payment network and analyze network connectivity of our scheme to show that this newly proposed scheme significantly reduces the routing cost and transfer fee for cross-channel payment in contrast to existing off-chain payment scheme such as Lightning Network. This improves the efficiency of off-chain payment system further. We introduce transaction supervisor in a channel while maintaining the decentralization feature of the system by elaborately designing a fraud proof contract to restrain any adversary in the channel. © 2019, Springer Nature Switzerland AG.;conference paper;scopus;New Protocol;Economics;LN
268;2019;10.1109/ICC.2019.8761804;"Zhang Y.; Yang D.; Xue G.";CheaPay: An Optimal Algorithm for Fee Minimization in Blockchain-Based Payment Channel Networks;The past several years have witnessed an explosive growth in cryptocurrencies, but the blockchain-based cryptocurrencies have also raised many concerns, among which a crucial one is the scalability issue. Suffering from the large overhead of global consensus and security assurance, even the leading cryptocurrencies can only handle up to tens of transactions per second, which largely limits their applications in real-world scenarios. Among many proposals to improve the cryptocurrency scalability, one of the most promising and mature solutions is the payment channel network (PCN), which offers the off-chain settlement of transactions with minimal involvement of expensive blockchain operations. In this paper, we investigate the problem of payment routing in PCNs from an optimization perspective, which is to minimize the transaction fee of a payment path, subject to the timeliness and feasibility constraints. We present an optimal distributed algorithm CheaPay for this problem. Extensive simulations demonstrate that CheaPay significantly outperforms baseline algorithms in terms of the success ratio and the average accepted value. © 2019 IEEE.;conference paper;scopus;New Protocol;Economics;Other
269;2020;10.2139/ssrn.3514125;Divakaruni, A., Zimmerman, P.;Ride the Lightning: Turning Bitcoin into Money;"We show that recent technological innovations have significantly improved the efficiency of Bitcoin as a means of payment. We study three particular innovations: the Lightning Network, a means of netting payments off the blockchain; SegWit, an improvement to the way data are stored on the blockchain; and Bitcoin Cash, a new cryptocurrency forked from Bitcoin. We find a robust and significant association between adoption of the Lightning Network and reduced blockchain congestion. This improvement cannot be explained by other factors, such as changes in speculative demand for Bitcoin. We show that the Lightning Network has become increasingly centralised, with payments channelled through relatively few intermediaries. Finally, we argue that improved functioning of Bitcoin is positive for welfare, and may reduce the environmental footprint of Bitcoin mining.";preprint;ssrn;Analysis;Economics;LN
270;2020;10.1016/j.comnet.2020.107098;"Erdin E.; Cebe M.; Akkaya K.; Solak S.; Bulut E.; Uluagac S.";A Bitcoin payment network with reduced transaction fees and confirmation times;The high transaction fees and confirmation times made Bitcoin unfeasible for many applications when the payments are in small amounts and require instant approval. As a result, many other cryptocurrencies were introduced for addressing these issues, but the Bitcoin network is still the most widely used payment system. Without doubt, to benefit from its network of users, there is a need for novel solutions that can successfully address the problems about high transaction fees and transaction verification times. Recently, payment network ideas have been introduced including the Lightning Network (LN) which exploits off-chain bidirectional payment channels between parties. As off-chain links can be configured to perform aggregated transactions at certain intervals without writing to blockchain, this would not only reduce the transaction fees but also decrease the verification times significantly. Nevertheless, LN still deploys relay nodes which charge fees and its growth leads certain nodes to become monopolies which defeat the very purpose of decentralization. Despite the thought that LN will provide a “scale-free network mechanism” along with high decentralization, how to form such a network among multiple parties is never studied before. Therefore, in this paper, by exploiting the LN, we offer to form a purely decentralized payment network which will allow Bitcoin to handle a lot of transactions with enough capacity. The idea is to form a network of retailers (i.e., nodes) which do business with Bitcoin by connecting them through off-chain links (i.e., payment channels) based on the business needs. The problem is initially modeled as a network optimization but since scalability would be a concern the next steps follow a heuristic approach where certain links are pruned to force evenly distributed payment flows while minimizing the total investments made to create initial off-chain links. The evaluations demonstrate the extent of scalability of the network along with the trade-offs between the distribution of flows and the initial flow capacities of the nodes. © 2020;article;scopus;New Protocol;Economics;LN
271;2020;10.1007/978-3-030-51280-4_16;"Ersoy O.; Roos S.; Erkin Z.";How to Profit from Payments Channels;Payment channel networks like Bitcoin’s Lightning network are an auspicious approach for realizing high transaction throughput and almost-instant confirmations in blockchain networks. However, the ability to successfully conduct payments in such networks relies on the willingness of participants to lock collateral in the network. In Lightning, the key financial incentive to lock collateral are low fees for routing payments of other participants. While users can choose these fees, real-world data indicates that they mainly stick to default fees. By providing insights on beneficial choices for fees, we aim to incentivize users to lock more collateral and improve the effectiveness of the network. In this paper, we consider a node that given the network topology and the channel details establishes channels and chooses fees to maximize its financial gain. Our contributions are i) formalization of the optimization problem, ii) proving that the problem is NP-hard, and iii) designing and evaluating a greedy algorithm to approximate the optimal solution. In each step, our greedy algorithm establishes a channel that maximizes the increase to ’s total reward, which corresponds to maximizing the number of shortest paths passing through. Our simulation study leveraged real-world data sets to quantify the impact of our gain optimization and indicates that our strategy is at least a factor two better than other strategies. © 2020, International Financial Cryptography Association.;conference paper;scopus;New Protocol;Economics;LN
272;2020;10.1007/978-3-030-23813-1_2;"Khan N.; State R.";Lightning network: A comparative review of transaction fees and data analysis;Blockchain is a revolutionary, immutable database disrupting the finance industry with a potential to provide payments in a secure environment, unhindered by intermediaries. However, scalability and throughput issues plague the technology and prevent it’s mass scale adoption. The paper focusses on Lightning Network, the off-chain, scalable and high throughput payment solution from Bitcoin. A comparison is conducted to highlight the fee incurred for payment transactions through Lightning Network, Raiden, Stellar, Bitcoin and conventional payment systems to assess its viability as a blockchain-based payment system. The paper also provides an analysis of the data of Lightning Network, to give a global overview of its usage and reachability. © Springer Nature Switzerland AG 2020.;conference paper;scopus;Analysis;Economics;LN
273;2020;10.1109/ITIA50152.2020.9312377;"Zhang W.; Li Z.; Peng E.";Blockchain anonymous trading system based on multi-hop payment;In recent years, with the emergence of bitcoin, blockchain technology has attracted more and more attentions from academia and industry. The advantages of blockchain are decentralized trust, not tampered, traceable and consensus features. However, transaction processing speed is 7 transactions per second in the bitcoin network. The transaction processing performance is not suitable to many applications in e-commerce field. Hence, the scalability of transaction consensus on blockchain has become a challenge issue. There are existing works to solve the issue, such as the lightning network, which exploits cross-chain consensus to improve the scalability of the bitcoin transaction. However, the anonymity between seller and buyer is still a privacy challenge for the fast blockchain payments based on the lightning. In this paper, we propose a blockchain anonymous trading framework based on multi-hop payment to solve the scalability problem of the blockchain transactions and improve the efficiency of transactions among nodes. Firstly, we use Three-session encryption to build multiple encryption transaction channels between a pair of nodes. Secondly, Dijkstra is used to find a minimal anonymous service fee path. Finally, the experimental results show that lightning network with encryption transaction channels can improve the use efficiency, reduce the extra cost of transaction and guarantee the privacy information of users.  © 2020 IEEE.;conference paper;scopus;New Protocol;Economics;LN
274;2021;10.48550/arXiv.2107.03367;Fazli, M.A., Nehzati, S.M., Salarkia, M.A.;Building stable off-chain payment networks;Payment channel is a protocol which allows cryptocurrency users to route multiple transactions through network without committing them to the main blockchain network (mainnet). This ability makes them the most prominent solution to blockchains' scalability problem. Each modification of payment channels requires a transaction on the mainnet and therefore, big transaction fees. In this paper, we assume that a set of payment transactions are given (batch or online) and we study the problem of scheduling modificiations on payment channels to route all of the transactions with minimum modification cost. We investigate two cost models for aforementioned problem: the step cost function in which every channel modification has a constant cost and the linear cost function in which modification costs are proportional to the amount of change. For the step cost function model, we prove impossibility results for both batch and online case. Moreover, some heuristic methods for the batch case are presented and compared. For the linear cost we propose a polynomial time algorithm using linear programming for the batch case.;preprint;arxiv;Analysis;Economics;Other
275;2022;10.1109/TNSE.2022.3154408;"Bai Q.; Xu Y.; Wang X.";Understanding the Benefit of Being Patient in Payment Channel Networks;Scaling blockchain efficiency is crucial to its widespread usage in which the payment channel is one of the most prominent approaches. With payment channels and the network they construct, two users can move some transactions off-chain to avoid expensive and time-consuming on-chain settlements. Existing works are devoted to designing high-throughput payment channel networks (PCNs) or efficient PCN routing policies to reduce the fee charged by intermediate nodes. In this paper, we investigate the PCN routing from a different perspective by answering whether the routing fee of transactions can be saved through being a bit more patient. The key idea is to reorder the processing sequence of atomic transactions, other than to handle each of them separately and immediately. We present two mechanisms, one is periodic transaction processing and the other is purely strategic waiting. In the former, the incoming transactions in a short time interval are processed collectively. We formulate an optimization model to minimize their total routing fee and derive the optimal permutation of processing transactions as well as the routing policy for each of them. A Shapley value based scheme is presented to redistribute the benefit of reordering among the transactions efficiently and fairly. In the latter, we model the waiting time of a strategic transaction on a single payment channel as the first passage time problem in queuing theory when the transaction value is higher than the channel balance upon its arrival. By capturing the balance dynamics, we are able to calculate the recursive expression of waiting time distribution that is useful to gauge a user's cost of patience. Experimental results manifest that our cost redistribution mechanism can effectively save routing fees for all the transactions, and the waiting time distribution coincides with the model well. © 2022 IEEE Computer Society. All rights reserved.;article;scopus;New Protocol;Economics;Other
276;2022;10.1109/Allerton49937.2022.9929412;"Branzei S.; Segal-Halevi E.; Zohar A.";How to Charge Lightning: The Economics of Bitcoin Transaction Channels;Off-chain transaction channels represent one of the leading techniques to scale the transaction throughput in cryptocurrencies. However, the economic effect of transaction channels on the system has not been explored much until now. We study the economics of Bitcoin transaction channels, and present a framework for an economic analysis of the lightning network and its effect on transaction fees on the blockchain. Our framework allows us to reason about different patterns of demand for transactions and different topologies of the lightning network, and to derive the resulting fees for transacting both on and off the blockchain. Our initial results indicate that while the lightning network does allow for a substantially higher number of transactions to pass through the system, it does not necessarily provide higher fees to miners, and as a result may in fact lead to lower participation in mining within the system.  © 2022 IEEE.;conference paper;scopus;Analysis;Economics;LN
277;2022;10.1145/3542929.3563491;"Chen W.; Qiu X.; Hong Z.; Zheng Z.; Dai H.-N.; Zhang J.";Proactive look-ahead control of transaction flows for high-throughput payment channel network;"Blockchain technology has gained popularity owing to the success of cryptocurrencies such as Bitcoin and Ethereum. Nonetheless, the scalability challenge largely limits its applications in many real-world scenarios. Off-chain payment channel networks (PCNs) have recently emerged as a promising solution by conducting payments through off-chain channels. However, the throughput of current PCNs does not yet meet the growing demands of large-scale systems because: 1) most PCN systems only focus on maximizing the instantaneous throughput while failing to consider network dynamics in a long-term perspective; 2) transactions are re-actively routed in PCNs, in which intermediate nodes only passively forward every incoming transaction. These limitations of existing PCNs inevitably lead to channel imbalance and the failure of routing subsequent transactions. To address these challenges, we propose a novel proactive look-ahead algorithm (PLAC) that controls transaction flows from a long-term perspective and proactively prevents channel imbalance. In particular, we first conduct a measurement study on two real-world PCNs to explore their characteristics in terms of transaction distribution and topology. On that basis, we propose PLAC based on deep reinforcement learning (DRL), which directly learns the system dynamics from historical interactions of PCNs and aims at maximizing the long-term throughput. Furthermore, we develop a novel graph convolutional network-based model for PLAC, which extracts the inter-dependency between PCN nodes to consequently boost the performance. Extensive evaluations on real-world datasets show that PLAC improves state-of-the-art PCN routing schemes w.r.t the long-term throughput from 6.6% to 34.9%.  © 2022 ACM.";conference paper;scopus;New Protocol;Economics;LN
278;2022;;"De Rossi L.M.; Avital M.; Gleasure R.; Solcia R.";The Impact of Layer 2 Technologies on the Adoption and Security of Blockchain;"Numerous studies have raised concerns over the limited scalability of blockchain technologies and, in particular, Bitcoin. Layer 2 technologies have emerged as an advanced array of complementary innovations designed to solve this problem. Despite the growing optimism around layer 2 technologies, however, there is little evidence to show how they impact blockchain's long-term success. This paper argues that the use and expansion of layer 2 technologies have a positive impact on the adoption and security levels of the underlying blockchain systems. Building on the Bitcoin and Lightning Network case, we use a time-series model based on 1,494 daily observations to demonstrate that the growing activity on the Lightning Network precipitates increased use and better security for Bitcoin. These results highlight the importance of layer 2 technologies for blockchain systems and suggest several further research avenues in this nascent domain of inquiry. © 2022 International Conference on Information Systems, ICIS 2022: ""Digitization for the Next Generation"". All Rights Reserved.";conference paper;scopus;Analysis;Economics;LN
279;2022;10.2139/ssrn.4142590;Divakaruni, A., Zimmerman, P.;The Lightning Network: Turning Bitcoin into Money;The Lightning Network (LN) is a means of netting Bitcoin payments outside the blockchain. We find a significant association between LN adoption and reduced blockchain congestion, suggesting that the LN has helped improve the efficiency of Bitcoin as a means of payment. This improvement cannot be explained by other factors, such as changes in demand or the adoption of SegWit. We find mixed evidence on whether increased centralization in the Lightning Network has improved its efficiency. Our findings have implications for the future of cryptocurrencies as a means of payment and their environmental footprint.;preprint;ssrn;Analysis;Economics;LN
280;2022;10.1109/ICBC54727.2022.9805520;"Rahimpour S.; Khabbazian M.";Torrent: Strong, Fast Balance Discovery in the Lightning Network;The owners of channels in the Bitcoin's Lightning Network do not disclose their balances in order to protect their privacy, and conceal payment transfers through their channels. Nevertheless, recent studies have shown that channel balances can be discovered using simple probing techniques. These techniques are, however, slow, often rely on specific control messages, and require to open a new channel for every single channel balance discovery or have limited power in discovering balances of remote channels. In this work, we present a powerful balance discovery method called Torrent that overcomes these limitations of existing methods. Unlike the existing techniques, Torrent uses multi-path payments instead of single-path payments. This - together with a novel max flow algorithm designed for the Lightning Network - allows a single probing node to push a large flow of payments through any target channel, making it more likely to discover its balance. Moreover, Torrent can speed-up balance discovery through parallel payment transfers, and pre-computation of payment paths. In addition, Torrent can operate in the absence of routing control messages that are often relied on by the existing channel discovery methods.  © 2022 IEEE.;conference paper;scopus;New Protocol;Economics;LN
281;2022;10.1109/ICC45855.2022.9839171;"Wang X.; Gu H.; Li Z.; Zhou F.; Yu R.; Yang D.";Why Riding the Lightning? Equilibrium Analysis for Payment Hub Pricing;Payment Channel Network (PCN) is an auspicious solution to the scalability issue of the blockchain, improving transaction throughput without relying on on-chain transactions. In a PCN, nodes can set prices for forwarding payments on behalf of other nodes, which motivates participation and improves network stability. Analyzing the price setting behaviors of PCN nodes plays a key role in understanding the economic properties of PCNs, but has been under-studied in the literature. In this paper, we apply equilibrium analysis to the price-setting game between two payment hubs in the PCN with limited channel capacities and partial overlap demand. We analyze existence of pure Nash Equilibriums (NEs) and bounds on the equilibrium revenue under various cases, and propose an algorithm to find all pure NEs. Using real data, we show bounds on the price of anarchy/stability and average transaction fee under realistic network conditions, and draw conclusions on the economic advantage of the PCN for making payment transfers by cryptocurrency users. © 2022 IEEE.;conference paper;scopus;Analysis;Economics;LN
282;2023;10.1109/ICDCS57875.2023.00037;"Avarikioti Z.; Lizurej T.; Michalak T.; Yeo M.";Lightning Creation Games;Payment channel networks (PCNs) are a promising solution to the scalability problem of cryptocurrencies. Any two users connected by a payment channel in the network can theoretically send an unbounded number of instant, costless transactions between them. Users who are not directly connected can also transact with each other in a multi-hop fashion. In this work, we study the incentive structure behind the creation of payment channel networks, particularly from the point of view of a single user that wants to join the network. We define a utility function for a new user in terms of expected revenue, expected fees, and the cost of creating channels, and then provide constant factor approximation algorithms that optimise the utility function given a certain budget. Additionally, we take a step back from a single user to the whole network and examine the parameter spaces under which simple graph topologies form a Nash equilibrium. © 2023 IEEE.;conference paper;scopus;Analysis;Economics;LN
283;2023;10.1007/978-3-031-21229-1_9;"De Silva A.; Thakur S.; Breslin J.";Profitable Fee Controller for Payment Channel Networks;"Payment channel networks (PCN) are one of the promising second layer solutions for the scalability issue of cryptocurrencies. They offer high throughput and low-cost transactions for the users. However, practical and design issues of PCN hinder users from embracing the technology. This paper focuses on how to increase user adoption by boosting revenue as transaction mediators. Our approach is twofold; reduce the cost of refilling channels due to channel exhaustion and collectively acquire a maximum gain from all channels belonging to the respective nodes. For that, we devise a novel fee controller based on Model Predictive Control (MPC), where we formulate the problem as an Optimal Control Problem (OCP). It is optimized to obtain maximum profit while proactively alarming the payers about the exhaustion through a dynamic fee mechanism. We evaluate the proposed fee controller’s effectiveness compared with the conventional static fee controller and OptimizedFee controller. Our experimental simulations demonstrate that the proposed fee controller successfully improves the revenue and controls channel exhaustion simultaneously. © 2023, The Author(s), under exclusive license to Springer Nature Switzerland AG.";conference paper;scopus;New Protocol;Economics;Other
284;2023;10.1109/SERA57763.2023.10197670;"Jiang S.; Wu J.; Zuo F.; Mei A.";Balance-Aware Cost-efficient Routing in the Payment Channel Network;Payment Channel Networks (PCNs) have been introduced as a viable solution to the scalability problem of the popular blockchain. In PCNs, a payment channel allows its end nodes to pay each other without publishing every transaction to the blockchain. A transaction can be routed in the network if there is a path of channels with sufficient funds, and the intermediate routing nodes can ask the transaction sender for a compensatory fee. However, a channel may eventually become depleted and cannot support further payments in a certain direction, as transaction flows from that direction is heavier than flows from the other direction. In this paper, we discuss a PCN node's possible roles and objectives, and analyze the strategies nodes should take under different roles by considering nodes' benefits and the network's performance. Then, we examine two basic network structures (ring and chord) and determine the constraints under which they constitute a Nash equilibrium. Based on the theoretical results, we propose a balance-Aware fee-incentivized routing algorithm to guarantee cost-efficient routing, fair fee charging, and the network's long lasting good performance in general PCNs. Testbed-based evaluation is conducted to validate our theoretical results and to show the feasibility of our proposed approach.  © 2023 IEEE.;conference paper;scopus;New Protocol;Economics;Other
285;2023;10.1109/ICPADS60453.2023.00100;"Kumble S.P.; Epema D.; Roos S.";Game-Theoretic Analysis of (Non-)Refundable Fees in the Lightning Network;In PCNs, nodes that forward payments between a source and a receiver are paid a small fee if the payment is successful. The fee is a compensation for temporarily committing funds to the payment. However, payments may fail due to insufficient funds or attacks, often after considerable delays of up to several days, leaving a node without compensation. Furthermore, attackers can intentionally cause failed payments, e.g., to infer private information (like channel balances), without any cost in fees. In this paper, we first use extensive form games to formally characterize the conditions that lead to rational intermediaries refusing (or agreeing) to forward payments. An intermediary's decision to forward or not depends on the probability of failure, which they approximate based on past experience. We then propose and analyze an alternative fee model that allows the sender to determine and pay a fraction of the fee to intermediaries in a non-refundable manner. A rational sender chooses the fraction such that the intermediaries' utility for forwarding the payment exceeds their utility for not forwarding. Our simulation study, based on real-world Lightning snapshots, confirms that our novel mechanism can increase the probability of successful payments by 12% and decrease routing fees for senders by about 6% if all nodes behave rationally. Furthermore, previously cost-free probing attacks now require that the attacker pays 1500 satoshis for every 1 million satoshis inferred. © 2023 IEEE.;conference paper;scopus;Modified Protocol;Economics;LN
286;2023;10.1109/TSC.2023.3323647;"Tang B.; Liang J.; Cai Z.; Cai T.; Zhou X.; Chen Y.";MDRL-IR: Incentive Routing for Blockchain Scalability With Memory-Based Deep Reinforcement Learning;Blockchain-based cryptocurrencies have developed rapidly in recent years, however, scalability is one of the biggest challenge. Payment channel networks (PCNs) are one of the important solutions to blockchain scalability and routing is the most critical problem in PCN. Routing algorithms in PCNs have evolved fast and achieved high throughput. However, most of these routing algorithms are designed from the perspective of technical feasibility, and few algorithms focus on the incentives of each off-chain participant, especially the economic incentives for intermediate routing nodes. Besides, due to the highly dynamic nature of off-chain channel deposits, existing routing algorithms rely heavily on channel deposit probing in order to ensure high throughput. In this article, we design routing algorithms from an incentive perspective to improve the profit of intermediate nodes and use deep learning to reduce the dependency of off-chain routing on channel deposit probing. Our experiments show that under the same model, MDRL-IR can increase the profit of intermediate nodes by up to 1.87x and increase the throughput by up to 2.0x compared to the state-of-the-art routing algorithm, while ensuring that the user routing cost per unit throughput remains unchanged. Moreover, approximate performance can be achieved when deposit probing is greatly reduced. © 2008-2012 IEEE.;article;scopus;New Protocol;Economics;LN
287;2023;10.1016/j.ins.2023.02.024;"Wang Y.; Liu M.; Ma H.; Fan S.; Zhou H.; Ju S.; Wang X.; Yang Q.";Enabling scalable and unlinkable payment channel hubs with oblivious puzzle transfer;Payment channel networks (PCNs) are effective techniques for extending the scalability of cryptocurrencies. It achieves this by establishing a direct off-line channel from the sender to the receiver, going through one intermediary (aka. the hubs). In such scenarios, the hubs know the origin and destination of each transaction flowing through them, which jeopardizes the privacy of the underlying systems. Unfortunately, former efforts in ensuring transaction unlinkability either rely on trusted mixing services, are inefficient constructed (e.g., constructed inefficient cryptographic primitives), or have limited applicability. In this paper, we present ObliHub, an efficient payment channel scheme that conceals transaction direction information to the hubs. The core technique of ObliHub in achieving unlinkability is our tailored oblivious puzzle transfer protocol (OPT), which enables puzzle solving among the payer, the hub, and the receiver to be conducted in an oblivious manner – the hub center neither knows where a puzzle hint came from nor who acquired it. The implementation of ObliHub only requires efficient cryptographic primitives, and compared with A2L (a state-of-the-art Bitcoin-compatible PCH using homomorphic encryption), ObliHub saves 0.2 seconds in computation time over previous solutions and improves transfer throughput. Besides, our scheme is in accord with Universal Composability (UC) framework and we provide a comprehensive security analysis of it. © 2023 Elsevier Inc.;article;scopus;New Protocol;Economics;Other
288;2023;10.1109/MetaCom57706.2023.00114;"Zhang J.; Xiao S.; Wu W.; Zhou J.";A Payment Channel Network Fee Allocation Strategy Integrating Auction Theory;The payment channel network is an auspicious approach to improve the blockchain scalability, by allowing multi-hop off-chain payments between any two nodes. Therefore, a good incentive mechanism is very important to encourage nodes to actively assist multi-hop payments. However, the current fee allocation strategies do not allocate the fee reasonably and lacks the actual incentive attribute.In this paper, we introduce the auction theory, and propose the second-price dynamic auction fee allocation strategy. This strategy includes node pricing and fee allocation. Specially, the pricing of nodes is determined by six parts: base fee, proportional fee, skew fee, density fee, time fee and other fees. The nodes in the path obtain fees according to its own bid and the lowest bid and the second lowest bid in the auction. Additionally, we find that there is an incentive explosion problem in the fee allocation strategy determined by intermediate nodes, and proposes a virtual fee mechanism to alleviate this problem. The simulation results show that our second-price dynamic auction fee allocation strategy has more fair allocation performance than the Lightning Network fee allocation strategy, and has the ability to resist incentive explosion. © 2023 IEEE.;conference paper;scopus;New Protocol;Economics;LN
289;2023;10.1109/ICDCSW60045.2023.00008;"Zhang Y.; Venkatakrishnan S.B.";Rethinking Incentive in Payment Channel Networks;Cryptocurrencies and their underlying blockchains suffer from the scalability issue: they do not support efficient transaction processing. Payment channel networks were designed and implemented to alleviate the scalability issue. However, payment channel network is far from solving the scalability issue due to its routing fee, inefficient rebalancing, and limited accessibility. We propose the Practical Payment Channel Network. The Practical Payment Channel Network aims to minimize the routing fee, improve the rebalancing efficiency, and make payment channel network accessible to the general public.  © 2023 IEEE.;conference paper;scopus;New Protocol;Economics;LN
290;2024;10.1145/3634737.3657021;"Ababneh M.; Kolachala K.; Vishwanathan R.";Auroch: Auction-Based Multipath Routing for Payment Channel Networks;The Bitcoin blockchain scalability problem has inspired several offchain solutions for enabling cryptocurrency transactions, of which Layer-2 systems such as payment channel networks (PCNs) have emerged as a frontrunner. PCNs allow for path-based transactions between users without the need to access the blockchain. These path-based transactions are possible only if a suitable path exists from the sender of a payment to the receiver. In this paper, we propose Auroch, a distributed auction-based pathfinding and routing protocol that takes into account the routing fees charged by nodes along a path. Unlike other routing protocols proposed for PCNs, Auroch takes routing fees into consideration. Auroch maximizes the profit that can be achieved by an intermediate node at the same time minimizing the overall payment cost for the sender. © 2024 Copyright held by the owner/author(s).;conference paper;scopus;New Protocol;Economics;Other
291;2024;10.4230/LIPIcs.AFT.2024.13;"Avarikioti Z.; Schmid S.; Tiwari S.";Musketeer: Incentive-Compatible Rebalancing for Payment Channel Networks;In this work, we revisit the severely limited throughput problem of cryptocurrencies and propose a novel rebalancing approach for Payment Channel Networks (PCNs). PCNs are a popular solution for increasing the blockchain throughput, however, their benefit depends on the overall users’ liquidity. Rebalancing mechanisms are the state-of-the-art approach to maintaining high liquidity in PCNs. However, existing opt-in rebalancing mechanisms exclude users that may assist in rebalancing for small service fees, leading to suboptimal solutions and under-utilization of the PCNs’ bounded liquidity. We introduce the first rebalancing approach for PCNs that includes all users, following a “all for one and one for all” design philosophy that yields optimal throughput. The proposed approach introduces a double-auction rebalancing problem, which we term Musketeer, where users can participate as buyers (paying fees to rebalance) or sellers (charging fees to route transactions). The desired properties tailored to the unique characteristics of PCNs are formally defined, including the novel game-theoretic property of cyclic budget balance that is a stronger variation of strong budget balance. Basic results derived from auction theory, including an impossibility and multiple mechanisms that either achieve all desiderata under a relaxed model or sacrifice one of the properties, are presented. We also propose a novel mechanism that leverages time delays as an additional cost to users. This mechanism is provably truthful, cyclic budget balanced, individually rational and economic efficient but only with respect to liquidity. © Zeta Avarikioti, Stefan Schmid, and Samarth Tiwari.;conference paper;scopus;New Protocol;Economics;Other
292;2024;10.1007/978-3-031-47754-6_18;"Bastankhah M.; Chatterjee K.; Maddah-Ali M.A.; Schmid S.; Svoboda J.; Yeo M.";R2: Boosting Liquidity in Payment Channel Networks with Online Admission Control;Payment channel networks (PCNs) are a promising technology to improve the scalability of cryptocurrencies. PCNs, however, face the challenge that the frequent usage of certain routes may deplete channels in one direction, and hence prevent further transactions. In order to reap the full potential of PCNs, recharging and rebalancing mechanisms are required to provision channels, as well as an admission control logic to decide which transactions to reject in case capacity is insufficient. This paper presents a formal model of this optimisation problem. In particular, we consider an online algorithms perspective, where transactions arrive over time in an unpredictable manner. Our main contributions are competitive online algorithms which come with provable guarantees over time. We empirically evaluate our algorithms on randomly generated transactions to compare the average performance of our algorithms to our theoretical bounds. We also show how this model and approach differs from related problems in classic communication networks. © 2024, International Financial Cryptography Association.;conference paper;scopus;New Protocol;Economics;Other
293;2024;10.1109/TNSM.2024.3361250;"Camilo G.F.; Rebello G.A.F.; De Souza L.A.C.; Campista M.E.M.; Costa L.H.M.K.";ProfitPilot: Enabling Rebalancing in Payment Channel Networks Through Profitable Cycle Creation;Payment Channel Networks (PCNs) have successfully replaced slow global consensus mechanisms with local cryptographic agreements between nodes. As PCN payments heavily depend on network topology for payment routing, strategic node positioning is critical to building cost-effective channels for users and enhancing network robustness against topological attacks. Nevertheless, existing node attachment strategies in the Lightning Network (LN), the most popular PCN, ignore crucial topology issues, such as network centralization and the scarcity of cycles for cheap off-chain rebalancing. In this paper, we first investigate the current state of the LN topology and show that the availability of topology cycles is highly unequal in the network, which exposes the network to several vulnerabilities. Then, we design ProfitPilot, a node positioning strategy that encourages cycle creation in PCNs to reverse the trend in centralization and enable cheap off-chain rebalancing. We compare our proposed algorithm with heuristics available in the Lightning Network and verify that even by focusing on creating cycles, ProfitPilot successfully increases the user's probability of collecting fees by over 2× while reducing average paying fees. Furthermore, out of all the evaluated heuristics, ProfitPilot presents the fastest increase in network transitivity and mitigates the impact of targeted topological attacks by over 17% compared with the regular Lightning Network operation. 1932-4537  © 2024 IEEE.;article;scopus;New Protocol;Economics;LN
294;2024;10.1109/ICBC59979.2024.10634468;"Carotti A.; Sguanci C.; Sidiropoulos A.";Rational Economic Behaviours in the Bitcoin Lightning Network;The Lightning Network (LN) is designed to improve the scalability of the Bitcoin blockchain by using off-chain payments to settle transactions in a faster, cheaper, and more private manner. This work aims to empirically study LN's fee revenue for network participants. Under realistic assumptions on payment amounts, routing algorithms and traffic distribution, we analyze the economic returns of the network's largest routing nodes which currently hold the network together, and assess whether the centralizing tendency is incentive-compatible from an economic viewpoint. Moreover, since recent literature has proved that participation is economically irrational for the majority of large nodes, we assess how network topology changes when participants start behaving rationally.  © 2024 IEEE.;conference paper;scopus;Analysis;Economics;LN
295;2024;10.1109/Blockchain62396.2024.00028;"Dos Santos S.; Singh J.; Dhillon B.S.; Thulasiram R.K.; Akcora C.; Kamali S.";On the Impact of the Lightning Network on Bitcoin Transaction Fees and Network Value;This paper examines the influence of second-layer networks, particularly the Lightning Network (LN), on Bitcoin mining fees and network valuation through Metcalfe's law. Analyzing Bitcoin transaction data from January 2014 to November 2023, we observe that transactions with a value below USD 1000 constitute more than 27 % of total mining fees, underscoring their economic importance. The LN's facilitation of faster, cheaper offchain transactions, particularly transactions of small value, could possibly decrease miners' fee revenues, especially from smaller transactions, which are a significant revenue source. To examine the impact of LN on the Bitcoin network, we employ Metcalfe's law to model Bitcoln's value over the next six years, correlating it with the number of daily active users to gauge network growth. Incorporating LN adoption rates into our model suggests that while LN may reduce fee-based income for miners in terms of the number of Bitcoins they receive, it is poised to enhance the overall network value by expanding the user base and transaction volume. This growth, driven by LN's improved utility and scalability, suggests a longterm net benefit despite short-term fee revenue losses. A part of our analysis is focused on LN's capacity to integrate millions of new users through its adoption by Superhubs. Superhubs could significantly boost the value of the Bitcoin network, counterbalancing the potential dip in mining fees. We explore LN's broader adoption implications, envisioning its role in expanding the Bitcoin value proposition from a Store of Value (SoV) to a Medium of Exchange (MoE). By applying Metcalfe's law, we offer insights into the economic effects of LN's widespread use, contributing to discussions on Bitcoin's scalability, mining sustainability, and digital currency valuation.  © 2024 IEEE.;conference paper;scopus;Analysis;Economics;LN
296;2024;10.1007/978-3-031-47751-5_6;"Ersoy O.; Moreno-Sanchez P.; Roos S.";Get Me Out of This Payment! Bailout: An HTLC Re-routing Protocol;"The Lightning Network provides almost-instant payments to its parties. In addition to direct payments requiring a shared payment channel, parties can pay each other in the form of multi-hop payments via existing channels. Such multi-hop payments rely on a 2-phase commit protocol to achieve balance security; that is, no honest intermediary party loses her coins. Unfortunately, failures or attacks in this 2-phase commit protocol can lead to coins being committed (locked) in a payment for extended periods of time (in the order of days in the worst case). During these periods, parties cannot go offline without losing funds due to their existing commitments, even if they use watchtowers. Furthermore, they cannot use the locked funds for initiating or forwarding new payments, reducing their opportunities to use their coins and earn fees. We introduce Bailout, the first protocol that allows intermediary parties in a multi-hop payment to unlock their coins before the payment completes by re-routing the payment over an alternative path. We achieve this by creating a circular payment route starting from the intermediary party in the opposite direction of the original payment. Once the circular payment is locked, both payments are canceled for the intermediary party, which frees the coins of the corresponding channels. This way, we create an alternative route for the ongoing multi-hop payment without involving the sender or receiver. The parties on the alternative path are incentivized to participate through fees. We evaluate the utility of our protocol using a real-world Lightning Network snapshot. Bailouts may fail due to insufficient balance in alternative paths used for re-routing. We find that attempts of a node to bailout typically succeed with a probability of more than 94% if at least one alternative path exists. © 2024, International Financial Cryptography Association.";conference paper;scopus;New Protocol;Economics;LN
297;2024;10.1109/TNSM.2024.3456229;"Podiatchev Y.; Orda A.; Rottenstreich O.";Survivable Payment Channel Networks;Payment channel networks (PCNs) are a leading method to scale the transaction throughput in cryptocurrencies. Two participants can use a bidirectional payment channel for making multiple mutual payments without committing them to the blockchain. Opening a payment channel is a slow operation that involves an on-chain transaction locking a certain amount of funds. These aspects limit the number of channels that can be opened or maintained. Users may route payments through a multi-hop path and thus avoid opening and maintaining a channel for each new destination. Unlike regular networks, in PCNs capacity depends on the usage patterns and, moreover, channels may become unidirectional. Since payments often fail due to channel depletion, a protection scheme to overcome failures is of interest. We define the stopping time of a payment channel as the time at which the channel becomes depleted. We analyze the mean stopping time of a channel as well as that of a network with a set of channels and examine the stopping time of channels in particular topologies. We then propose a scheme for optimizing the capacity distribution among the channels in order to increase the minimal stopping time in the network. We conduct experiments and demonstrate the accuracy of our model and the efficiency of the proposed optimization scheme.  © 2004-2012 IEEE.;article;scopus;Modified Protocol;Economics;LN
298;2024;10.1145/3695411.3695425;"Sankagiri S.; Hajek B.";Pricing for Routing and Flow-Control in Payment Channel Networks;Blockchains are decentralized digital transaction systems. Most blockchains today suffer from poor transaction throughput, resulting in exorbitant transaction fees and hindering widespread adoption. Layer-two blockchain mechanisms are tools that allow transactions to take place outside of the main blockchain system, thereby increasing the system's throughput [2]. A payment channel network (PCN) is one such mechanism that is used in practice. This paper focuses on their long-term transaction processing efficiency.  © 2024 Copyright is held by the owner/author(s).;article;scopus;New Protocol;Economics;Other
299;2024;10.1109/ICBC59979.2024.10634368;"Santos S.D.; Singh J.; Dhillon B.S.; Thulasiram R.K.; Kamali S.";Second Layer Network Impact on Bitcoin Mining Fees and Network Value;This paper explores the impact of second-layer solutions, particularly the Lightning Network (LN), on Bitcoin mining fees. The introduction of LN promises enhanced transaction efficiency by facilitating faster and more economical off-chain transactions. Such advancements, while beneficial for network scalability, pose potential challenges to miners' fee revenues - especially from lower-value transactions.We propose a comprehensive framework to assess the ramifications of LN adoption on miners' fee earnings, taking into account the shift of transactions to LN. This framework not only evaluates the direct negative effects on miners' fees but also examines the broader implications for Bitcoin's network value as LN adoption increases, user base expands, and transaction volume grows.Moreover, our framework introduce the potential of LN to on-board millions of new users, particularly through the adoption by Superhubs. This significant expansion in network participation is posited to elevate Bitcoin's overall value, potentially offsetting the initial decrease in mining fees.  © 2024 IEEE.;conference paper;scopus;Analysis;Economics;LN
300;2024;10.1016/j.tcs.2023.114353;"Schmid S.; Svoboda J.; Yeo M.";Weighted packet selection for rechargeable links in cryptocurrency networks: Complexity and approximation;We consider a natural problem dealing with weighted packet selection across a rechargeable link, which e.g., finds applications in cryptocurrency networks. The capacity of a link (u,v) is determined by how many nodes u and v allocate for this link. Specifically, the input is a finite ordered sequence of packets that arrive in both directions along a link. Given (u,v) and a packet of weight x going from u to v, node u can either accept or reject the packet. If u accepts the packet, the capacity on link (u,v) decreases by x. Correspondingly, v's capacity on (u,v) increases by x. If a node rejects the packet, this will entail a cost affinely linear in the weight of the packet. A link is “rechargeable” in the sense that the total capacity of the link has to remain constant, but the allocation of capacity at the ends of the link can depend arbitrarily on the nodes' decisions. The goal is to minimise the sum of the capacity injected into the link and the cost of rejecting packets. We show that the problem is NP-hard, but can be approximated efficiently with a ratio of (1+ε)⋅(1+3) for some arbitrary ε>0. © 2024 The Authors;article;scopus;New Protocol;Economics;Other
301;2024;10.1016/j.bcra.2023.100179;"Sharma N.; Kapoor K.; Anirudh V.";Design and evaluation of Swift routing for payment channel network;Payment Channel Networks (PCNs) are a promising alternative to improve the scalability of a blockchain network. A PCN employs off-chain micropayment channels that do not need a global block confirmation procedure, thereby sacrificing the ability to confirm transactions instantaneously. PCN uses a routing algorithm to identify a path between two users who do not have a direct channel between them to settle a transaction. The performance of most of the existing centralized path-finding algorithms does not scale with network size. The rapid growth of Bitcoin PCN necessitates considering distributed algorithms. However, the existing decentralized algorithms suffer from resource underutilization. We present a decentralized routing algorithm, Swift, focusing on fee optimization. The concept of a secret path is used to reduce the path length between a sender and a receiver to optimize the fees. Furthermore, we reduce a network structure into combinations of cycles to theoretically study fee optimization with changes in cloud size. The secret path also helps in edge load sharing, which results in an improvement of throughput. Swift routing achieves up to 21% and 63% in fee and throughput optimization, respectively. The results from the simulations follow the trends identified in the theoretical analysis. © 2023 The Author(s);article;scopus;New Protocol;Economics;LN
302;2024;10.1007/978-3-031-47751-5_7;"Shen Y.; Ersoy O.; Roos S.";Extras and Premiums: Local PCN Routing with Redundancy and Fees;Payment channel networks (PCNs) are a promising solution to the blockchain scalability problem. In PCNs, a sender can route a multi-hop payment to a receiver via intermediaries. Yet, Lightning, the only prominent payment channel network, has two major issues when it comes to multi-hop payments. First, the sender decides on the path without being able to take local capacity restrictions into account. Second, due to the atomicity of payments, any failure in the path causes a failure of the complete payment. In this work, we propose Forward-Update-Finalize (FUFi): The sender adds redundancy to a locally routed payment by initially committing to sending a higher amount than the actual payment value. Intermediaries decide on how to forward a received payment, potentially splitting it between multiple paths. If they cannot forward the total payment value, they may reduce the amount they forward. If paths for sufficient funds are found, the receiver and sender jointly select the paths and amounts that will actually be paid. Payment commitments are updated accordingly and fulfilled. In order to guarantee atomicity and correctness of the payment value, we use a modified Hashed Time Lock Contract (HTLC) for paying that requires both the sender and the receiver to provide a secret preimage. FUFi furthermore is the first local routing protocol to include fees and specify a fee policy to intermediaries on how to determine their fair share of fees. We prove that the proposed protocol achieves all key security properties of multi-hop payments. Furthermore, our evaluation on both synthetic and real-world Lightning topologies shows FUFi outperforms existing algorithms in terms of fraction of successful payments by about 10%. © 2024, International Financial Cryptography Association.;conference paper;scopus;New Protocol;Economics;LN
303;2024;10.1109/ACCESS.2024.3477258;"Silva A.D.; Thakur S.; Breslin J.G.";An Integrated Stablecoin and Subsidised Node Design for Payment Channel Networks;The financial landscape has undergone a profound shift due to the decentralisation and digitisation brought about by cryptocurrencies. As people begin to reevaluate traditional notions of monetary ownership, cryptocurrencies will be poised to play an even more critical role in the future. However, the widespread adoption of cryptocurrencies has been hampered by several challenges, including volatility and scalability. The concepts of Stablecoin and Payment Channel Network (PCN) are promising proposals for these problems, providing effective individual solutions. While PCN addresses the scalability issue of cryptocurrencies, its transaction reliability is not always up to par for widespread use. Similarly, the increasing centralisation of Stablecoins contradicts the fundamental principle of introducing cryptocurrencies. This paper introduces a decentralised model that integrates both approaches to establish a monetary system while mitigating their inherent drawbacks. It encompasses a subsidised node and stablecoin designs for PCN with a dedicated and incentivised layer of entities to facilitate reliable PCN transactions and contribute to stabilising the underlying currency of PCN. It introduces an integrated network-backed stablecoin for PCN, achieving both stability and scalability concurrently. Also, approximately half of the initial funding required to establish payment channels is derived from external sources, ensuring a guaranteed return on investment within an under-collateralised and decentralised environment. Our system has been substantiated through game theory and simulations, demonstrating its capacity to stabilise the coin's value and effectively fulfil the expected functionalities of a currency. Empirical tests have confirmed its retention of PCN's scalability, even with additional steps integrated to implement the proposed protocol. We also highlight its resilience to potential attacks. Our solution will improve transaction reliability, collateralisation, and underlying coin stability, making cryptocurrencies more suitable for widespread adoption. © 2013 IEEE.;article;scopus;New Protocol;Economics;Other
304;2024;10.1117/12.3031220;"Song C.; Li L.; Gao H.";Payment channel fee setting dynamic algorithm based on BiLSTM-PPO;Aiming at the problem of payment channel network fee setting, a dynamic algorithm for Proximal Policy Optimization fee setting based on Bidirectional Long ShortTerm Memory (BiLSTM-PPO) model is proposed. The payment channel network state space and reward function are established, and the payment channel node fees are divided into four categories: basic fees, percentage fees, time value fees and unbalanced fees. By fusing the BiLSTM neural network agent, the agent records the historical state of the network and sets the strategy, and uses the state information to set the cost parameters of the channel node, and the agent learns the network state so that it can make effective decisions dynamically when the network changes. Experimental results show that compared with the traditional charging strategy, static charging strategy and matching peer node charging strategy, the average round reward of nodes can be increased, which effectively improves the revenue of nodes in the payment channel network, and has the ability to effectively maximize node profits in largescale networks, which has certain application potential.  © COPYRIGHT SPIE. Downloading of the abstract is permitted for personal use only.;conference paper;scopus;New Protocol;Economics;Other
305;2024;10.48550/arXiv.2405.12087;Vincent, Rossi, E., Singh, V.;Channel Balance Interpolation in the Lightning Network via Machine Learning;The Bitcoin Lightning Network is a Layer 2 payment protocol that addresses Bitcoin’s scalability by facilitating quick and cost-effective transactions through payment channels. This research explores the feasibility of using machine learning models to interpolate channel balances within the network, which can be used for optimizing the network’s pathfinding algorithms. While there has been much exploration in balance probing and multipath payment protocols, predicting channel balances using solely node and channel features remains an uncharted area. This paper evaluates the performance of several machine learning models against two heuristic baselines and investigates the predictive capabilities of various features. Our model performs favorably in experimental evaluation, outperforming by 10% against an equal split baseline where both edges are assigned half of the channel capacity.;preprint;arxiv;Analysis;Economics;LN
306;2024;10.1109/TNET.2023.3324136;"Wang X.; Yu R.; Yang D.; Xue G.; Gu H.; Li Z.; Zhou F.";Fence: Fee-Based Online Balance-Aware Routing in Payment Channel Networks;Scalability is a critical challenge for blockchain-based cryptocurrencies. Payment channel networks (PCNs) have emerged as a promising solution for this challenge. However, channel balance depletion can significantly limit the capacity and usability of a PCN. Specifically, frequent transactions that result in unbalanced payment flows from two ends of a channel can quickly deplete the balance on one end, thus blocking future payments from that direction. In this paper, we propose Fence, an online balance-aware fee setting algorithm to prevent channel depletion and improve PCN sustainability and long-term throughput. In our algorithm, PCN routers set transaction fees based on the current balance and level of congestion on each channel, in order to incentivize payment senders to utilize paths with more balance and less congestion. Our algorithm is guided by online competitive algorithm design, and achieves an asymptotically tight competitive ratio with constant violation in a unidirectional PCN. We further prove that no online algorithm can achieve a finite competitive ratio in a general PCN. Extensive simulations under a real-world PCN topology show that Fence achieves high throughput and keeps network channels balanced, compared to state-of-the-art PCN routing algorithms.  © 1993-2012 IEEE.;article;scopus;New Protocol;Economics;LN
307;2024;10.1109/GLOBECOM52923.2024.10901005;"Xue G.; Chang A.; Lin X.; Yu R.; Yang D.";Max-min Hub Pricing in Payment Channel Networks;Payment Channel Networks (PCNs) offer an efficient off-chain alternative to the blockchain for transactions. Router nodes in PCNs facilitate transactions between non-adjacent nodes in exchange for a fee. PCN topology tends to be centralized, with a select number of routers known as hubs dominating all payment services. The fee-setting choices of hubs in order to maximize their revenue present fertile grounds for the study of PCN communications and economics. In this paper, we conduct a comprehensive analysis of the Hub Price-Setting (HPS) game. In particular, we define approximate Best Response strategies (ϵ-BR) as well as approximate Nash equilibria (ϵ-NE). We prove that for any ϵ > 0, an ϵ-BR always exists, and can be computed in polynomial time. We also prove that for some ϵ > 0, an ϵ-NE may not exist. We furthermore introduce the notion of conservative estimate and present a max-min approach to the HPS game. Extensive evaluation results demonstrate the power of our proposed approach. © 2024 IEEE.;conference paper;scopus;Analysis;Economics;Other
308;2025;10.1016/j.comnet.2024.111009;"Huang L.; Huo C.; Ge C.; Yang M.";AERO: An adaptive and efficient routing for off-chain payment channel networks;Blockchain technology faces significant scalability challenges, characterized by low throughput and high transaction fees. Off-chain payment channel networks offer a promising solution by enabling faster transaction processing by offloading transactions away from the main blockchain. While existing research has primarily focused on enhancing instantaneous throughput, it often overlooks the critical issue of fund distribution imbalance at either end of the channel following transactions. This imbalance can negatively impact subsequent transactions, leading to reduced long-term throughput. Furthermore, temporary insufficiencies in channel balances may cause transaction requests to fail, further hindering overall payment channel network (PCN) performance. To address these limitations, this paper introduces an adaptive and efficient routing scheme AERO that leverages a balance coefficient to assess fund availability within channels. AERO facilitates optimal transaction path selection while incorporating probabilistic measures to evaluate channel transaction capacity, ensuring adaptive routing with minimal transaction losses and enhancements. Additionally, the proposed transaction scheduling algorithm in AERO incorporates a waiting queue at the transaction node, executing transactions only when the channel's capacity meets predefined requirements. Simulation results show that under the same network environment, AERO effectively maintains a throughput of approximately 70 even as transaction volumes rapidly increase. Moreover, AERO demonstrates notable cost efficiency, with transaction fees exceeding those of competing schemes by at least 5% in the Lightning topology and 25% in the Ripple topology. © 2024 Elsevier B.V.;article;scopus;New Protocol;Economics;LN
309;2023;10.1007/978-3-031-48731-6_1;"Papadis N.; Tassiulas L.";Deep Reinforcement Learning-based Rebalancing Policies for Profit Maximization of Relay Nodes in Payment Channel Networks;Payment channel networks (PCNs) are a layer-2 blockchain scalability solution, with its main entity, the payment channel, enabling transactions between pairs of nodes “off-chain,” thus reducing the burden on the layer-1 network. Nodes with multiple channels can serve as relays for multihop payments by providing their liquidity and withholding part of the payment amount as a fee. Relay nodes might after a while end up with one or more unbalanced channels, and thus need to trigger a rebalancing operation. In this paper, we study how a relay node can maximize its profits from fees by using the rebalancing method of submarine swaps. We introduce a stochastic model to capture the dynamics of a relay node observing random transaction arrivals and performing occasional rebalancing operations, and express the system evolution as a Markov Decision Process. We formulate the problem of the maximization of the node’s fortune over time over all rebalancing policies, and approximate the optimal solution by designing a Deep Reinforcement Learning (DRL)-based rebalancing policy. We build a discrete event simulator of the system and use it to demonstrate the DRL policy’s superior performance under most conditions by conducting a comparative study of different policies and parameterizations. Our work is the first to introduce DRL for liquidity management in the complex world of PCNs.;conference paper;scopus;New Protocol;Economics;LN
310;2022;10.48550/arXiv.2210.08197;"Asgari K.; Mohammadian A.A.; Tefagh M.";DyFEn: Agent-Based Fee Setting in Payment Channel Networks;In recent years, with the development of easy to use learning environments, implementing and reproducible benchmarking of reinforcement learning algorithms has been largely accelerated by utilizing these frameworks. In this article, we introduce the Dynamic Fee learning Environment (DyFEn), an open-source real-world financial network model. It can provide a testbed for evaluating different reinforcement learning techniques. To illustrate the promise of DyFEn, we present a challenging problem which is a simultaneous multi-channel dynamic fee setting for off-chain payment channels. This problem is well-known in the Bitcoin Lightning Network and has no effective solutions. Specifically, we report the empirical results of several commonly used deep reinforcement learning methods on this dynamic fee setting task as a baseline for further experiments. To the best of our knowledge, this work proposes the first virtual learning environment based on a simulation of blockchain and distributed ledger technologies, unlike many others which are based on physics simulations or game platforms.;preprint;arxiv;Analysis;Economics;LN
311;2020;10.48550/arXiv.1911.09432;"Beres F.; Seres I.A.; Benczur A.A.";A Cryptoeconomic Traffic Analysis of Bitcoin’s Lightning Network;Lightning Network (LN) is designed to amend the scalability and privacy issues of Bitcoin. It is a payment channel network where Bitcoin transactions are issued off the blockchain and onion routed through a private payment path with the aim to settle transactions in a faster, cheaper, and more private manner, as they are not recorded in a costly-to-maintain, slow, and public ledger. In this work, we design a traffic simulator to empirically study LN’s transaction fees and privacy provisions. The simulator relies only on publicly available data of the network structure and capacities, and generates transactions under assumptions that we attempt to validate based on information spread by certain blog posts of LN node owners. Our findings on the estimated revenue from transaction fees are in line with the widespread opinion that participation is economically irrational for the majority of the large routing nodes who currently hold the network together. Either traffic or transaction fees must increase by orders of magnitude to make payment routing economically viable. We give worst-case estimates for the potential fee increase by assuming strong price competition among the routers. We also estimate how current channel structures and pricing policies respond to a potential increase in traffic, how reduction in locked funds on channels would affect the network, and show examples of nodes who are estimated to operate with economically feasible revenue. Our second set of findings considers privacy. Even if transactions are onion routed, strong statistical evidence on payment source and destination can be inferred, as many transaction paths only consist of a single intermediary by the side effect of LN’s small-world nature. Based on our simulation experiments, we (1) quantitatively characterize the privacy shortcomings of current LN operation, and (2) propose a method to inject additional hops in routing paths to demonstrate how privacy can be strengthened with very little additional transactional cost.;preprint;arxiv;Analysis;Economics;LN
312;2020;;"Sivaraman V.; Venkatakrishnan S.B.; Ruan K.; Negi P.; Yang L.; Mittal R.; Fanti G.; Alizadeh M.";High Throughput Cryptocurrency Routing in Payment Channel Networks;"Despite growing adoption of cryptocurrencies, making fast payments at scale remains a challenge. Payment channel networks (PCNs) such as the Lightning Network have emerged as a viable scaling solution. However, completing payments on PCNs is challenging: payments must be routed on paths with sufficient funds. As payments flow over a single channel (link) in the same direction, the channel eventually becomes depleted and cannot support further payments in that direction; hence, naive routing schemes like shortest-path routing can deplete key payment channels and paralyze the system. Today’s PCNs also route payments atomically, worsening the problem. In this paper, we present Spider, a routing solution that ""packetizes"" transactions and uses a multi-path transport protocol to achieve high-throughput routing in PCNs. Packetization allows Spider to complete even large transactions on low-capacity payment channels over time, while the multi-path congestion control protocol ensures balanced utilization of channels and fairness across flows. Extensive simulations comparing Spider with state-of-the-art approaches shows that Spider requires less than 25% of the funds to successfully route over 95% of transactions on balanced traffic demands, and offloads 4x more transactions onto the PCN on imbalanced demands.";conference paper;scopus;New Protocol;Economics;LN
